StationID,WaterbodyName,Location,Lat_Dec,Long_Dec,CollDate,SiteClassification,SUMMER,JulianDay,ReferenceStatus,EPTTax,Sc_EPTTax,NonInPct,Sc_NonInPct,EPTnoBPct,Sc_EPTnoBPct,ColeoPct,Sc_ColeoPct,pt_Intol,Sc_pt_Intol,pi_IncrMidElev,Sc_pi_IncrMidElev,ClngrTax,Sc_ClngrTax,PredShrTaxFAC,Sc_PredShrTaxFAC,TotalTax,Sc_TotalTax,IntolTax,Sc_IntolTax,pi_DecrMtnTrn,Sc_pi_DecrMtnTrn,PredTaxFAC,Sc_PredTaxFAC,ScrapPctFAC,Sc_ScrapPctFAC,NonInsPT,Sc_NonInsPT,SprwlTax,Sc_SprwlTax,pi_IncrPlains,Sc_pi_IncrPlains,TotalInd,QC_TotalInd,MMITotal,MMI,Condition,AIM condition,O/E_p>half,ModelTestResult,BenSampID,RepNum,Samp_Rep,Bioregion
153063,XE-RO-5083,Douglas Creek,39.9437,-108.764,05-Jun-13,1,16.53,155,Not Reference or Degraded,3,23.5,0.4,99.2,13.3,18.3,0.8,2,0,0,0,100,4,28.5,0,0,9,0,0,0,14.1,0,0,0,91,0,11.1,0,1,0,0,0,255,ok,271.6,33.9,Inconclusive: site is neither in reference nor degrade condition,Fair,,,8,1,8_1,1
153064,XE-LS-5004,West Douglas Creek,39.8492,-108.729,05-Jun-13,1,16.13,155,Not Reference or Degraded,1,7,0,100,0,0,0,0,0,0,0,100,1,6.7,2,14.3,13,0,0,0,0,0,1,0,67.6,0,0,0,7,0,0,0,281,ok,228,28.5,Likely Impaired,Poor,,,9,1,9_1,1
153086,MS-LS-3006,Grape Creek,38.2939,-105.359,08-Jul-13,1,15.39,188,Not Reference or Degraded,12,70.6,0,100,61.5,84.3,1.4,3.6,28.6,57.1,0,100,12,72.4,3,21.4,28,0,8,0,16.7,0,4,0,8,0,0,0,5,0,0,0,288,ok,509.4,63.7,Not Impaired,Good,,,10,1,10_1,1
153087,MS-RO-3086,Grape Creek,38.3726,-105.355,07-Jul-13,1,15.78,187,Not Reference or Degraded,9,57.9,1.1,97.8,18.7,25.7,2.8,7.4,24,50.2,0,100,9,57.3,5,35.7,25,0,6,0,7.1,0,3,0,21.9,0,8,0,5,0,0,0,283,ok,432,54,Not Impaired,Good,,,11,1,11_1,1
153088,MS-LS-3018,Badger Creek,38.4759,-105.859,06-Jul-13,1,14.53,186,Not Reference or Degraded,8,39.6,19.5,59.7,11.8,16.2,4.8,12.5,14.7,26.7,7.7,67.9,11,59.5,10,71.4,34,0,5,0,9.3,0,10,0,54.3,0,17.6,0,9,0,0,0,313,LARGE,353.5,44.2,Inconclusive: site is neither in reference nor degrade condition,Fair,,,12,1,12_1,1
153118,MS-SS-3104,Cement Creek,37.8217,-107.665,04-Aug-13,2,10.88,215,Not Reference or Degraded,1,4.6,0,0,0,0,0,0,16.7,0,0,0,0,0,1,0,6,14.3,1,4.8,0,0,0,0,52.6,100,0,0,2,0,0,0,19,SMALL,123.6,15.5,Inadequate sample size,Poor,,,13,1,13_1,2
153119,XE-SS-5130,Prairie Canyon,39.4458,-109.021,06-Aug-13,1,16.14,217,Not Reference or Degraded,1,7,0.3,99.3,0,0,0.7,1.7,0,0,9.4,60.5,3,20.1,6,42.9,20,0,0,0,0,0,7,0,31.9,0,5,0,5,0,0,0,307,LARGE,231.5,28.9,Likely Impaired,Poor,,,14,1,14_1,1
153120,MS-LS-3020,Lake Fork,38.2362,-107.261,01-Aug-13,1,12.8,212,Not Reference or Degraded,11,45.8,4.9,89.9,20.8,28.6,14.9,38.9,25,41,2.4,89.8,10,48.1,9,64.3,36,0,9,0,31.3,0,9,0,25.3,0,13.9,0,7,0,0,0,288,ok,446.4,55.8,Not Impaired,Good,,,15,1,15_1,1
153121,MS-SS-3113,Lake Fork,37.9391,-107.465,03-Aug-13,2,8.67,214,Not Reference or Degraded,6,27.7,1.6,0,20.5,25.8,0.8,0,27.3,0,0,0,7,35,8,0,22,52.4,6,28.6,18.9,26.1,5,38.5,11.5,26,4.5,0,9,0,0,0,122,SMALL,260,32.5,Inadequate sample size,Poor,,,16,1,16_1,2
153139,XE-SS-5141,Potts Creek,39.6193,-108.319,23-Aug-13,1,11.56,234,Not Reference or Degraded,7,29.2,11.2,76.8,6.9,9.4,0,0,26.9,44.1,0,100,4,19.2,6,42.9,26,0,7,0,4.7,0,2,0,47.7,0,23.1,0,6,0,0,0,321,LARGE,321.6,40.2,Inconclusive: site is neither in reference nor degrade condition,Fair,,,17,1,17_1,1
153140,XE-SS-5098,,39.6323,-107.983,22-Aug-13,1,13.51,233,Not Reference or Degraded,11,45.8,5.6,88.4,12.1,16.6,12.4,32.4,25.6,42,0,100,13,62.6,15,100,43,0,11,0,18,0,10,0,38.8,0,7,0,15,0,0,0,338,LARGE,487.8,61,Not Impaired,Good,,,18,1,18_1,1
153141,MS-LS-3012,Thompson Creek,39.3237,-107.237,21-Aug-13,1,13.97,232,Not Reference or Degraded,11,49.3,11.1,77.1,30.5,41.9,16.8,43.7,32.3,55.4,0.3,98.6,12,60.8,8,57.1,31,0,10,0,19.1,0,6,0,15.4,0,12.9,0,8,0,0,0,298,ok,483.9,60.5,Not Impaired,Good,,,19,1,19_1,1
153142,MS-SS-3125,,39.3383,-107.158,19-Aug-13,1,14.68,230,Not Reference or Degraded,18,91.6,1.6,96.6,28.6,39.2,36,93.9,47.5,87.7,0,100,17,93.6,13,92.9,40,0,19,0,46.1,0,7,0,31.8,0,7.5,0,11,0,0,0,308,LARGE,695.5,86.9,Not Impaired,Good,,,20,1,20_1,1
153143,MS-SS-3130,Horse Creek,39.7797,-107.058,18-Aug-13,1,14.15,229,Not Reference or Degraded,6,27.8,0.8,98.4,3,4.1,1.5,3.9,35,61.2,0,100,7,36.2,6,42.9,20,0,7,0,4.2,0,4,0,1.1,0,10,0,6,0,0,0,265,ok,374.5,46.8,Not Impaired,Good,,,21,1,21_1,1
153144,MS-LS-3019,Sheephorn Creek,39.9544,-106.549,17-Aug-13,1,14.08,228,Not Reference or Degraded,10,45.7,17.7,63.4,25.8,35.4,23.7,61.7,17.6,30.6,2.1,91.1,13,66.7,9,64.3,34,0,6,0,23.7,0,7,0,31.4,0,11.8,0,13,0,0,0,283,ok,458.9,57.4,Not Impaired,Good,,,22,1,22_1,1
153145,MS-SS-3103,,40.9525,-106.07,14-Aug-13,2,12.67,225,Not Reference or Degraded,15,66.6,4.2,0,36.4,45.9,23.7,0,32.4,0,0,0,15,75,13,0,37,88.1,12,57.1,49,67.8,8,61.5,22.4,50.7,8.1,0,7,0,0,0,308,LARGE,512.7,64.1,Not impaired,Good,,,23,1,23_1,2
153146,MS-SS-3112,,39.9188,-106.11,16-Aug-13,2,12.81,227,Not Reference or Degraded,12,52.9,3.7,0,31.4,39.6,37.9,0,33.3,0,0,0,8,40,13,0,33,78.6,11,52.4,64.6,89.3,9,69.2,28.3,63.9,12.1,0,7,0,0,0,322,LARGE,485.9,60.7,Not impaired,Good,,,24,1,24_1,2
153189,XE-LS-5019,North Fork Mesa Creek,38.5171,-108.787,08-Jul-14,1,16.61,188,Not Reference or Degraded,7,56.2,9,81.4,31.5,43.2,3.8,9.9,12.1,28.2,0,100,9,64.9,10,71.4,33,0,4,0,3.8,0,10,0,5.2,0,9.1,0,11,0,0,0,289,ok,455.3,56.9,Not Impaired,Good,,,25,1,25_1,1
153193,MS-LS-3028,Willow Creek,40.9147,-107.52,06-Jul-14,1,15.02,186,Not Reference or Degraded,7,38.1,0,100,27.6,37.8,14.8,38.5,27.3,52.3,0,100,10,57.5,6,42.9,22,0,6,0,15.8,0,4,0,32,0,0,0,4,0,0,0,203,ok,467,58.4,Not Impaired,Good,,,26,1,26_1,1
153195,XE-LS-5011,Roubideau Creek,38.6555,-108.17,08-Jul-14,1,17.37,188,Not Reference or Degraded,7,72.8,7,85.6,42.6,58.4,2.6,6.8,15.8,40.9,0,100,6,49.3,3,21.4,19,0,3,0,35.7,0,3,0,32.2,0,10.5,0,3,0,0,0,115,SMALL,435.3,54.4,Inadequate sample size,Good,,,27,1,27_1,1
153199,MS-LS-3026,Willow Creek,40.7745,-106.93,06-Jul-14,1,13.25,186,Not Reference or Degraded,4,16.7,0.9,98,0.9,1.3,1.6,4.1,11.8,19.3,0.3,98.7,3,14.4,2,14.3,17,0,2,0,1.3,0,1,0,51.3,0,11.8,0,5,0,0,0,318,LARGE,266.8,33.3,Likely Impaired,Poor,,,28,1,28_1,1
153207,MS-SS-3097,,37.974,-107.381,06-Jul-14,2,8.4,186,Not Reference or Degraded,11,56.3,0.7,0,69.3,87.3,0,0,44,0,0,0,10,50,8,0,25,59.5,11,52.4,68.6,94.8,7,53.8,39.9,90.3,8,0,5,0,0,0,283,ok,544.6,68.1,Not impaired,Good,,,29,1,29_1,2
153213,MS-SS-3129,,37.9874,-107.511,07-Jul-14,2,7.8,187,Not Reference or Degraded,13,66.3,2.9,0,46.9,59.2,0,0,50,0,0,0,10,50,12,0,28,66.7,14,66.7,34.9,48.3,10,76.9,30.2,68.3,7.1,0,6,0,0,0,275,ok,502.3,62.8,Not impaired,Good,,,30,1,30_1,2
153214,XE-LS-5027,Dry Creek,38.4706,-108.06,07-Jul-14,1,15.97,187,Not Reference or Degraded,6,40.5,3.1,93.7,54.2,74.3,4.6,11.9,12.5,26.8,0.8,96.8,9,58.9,7,50,24,0,3,0,52.7,0,6,0,51.1,0,8.3,0,7,0,0,0,131,SMALL,452.9,56.6,Inadequate sample size,Good,,,31,1,31_1,1
153217,MS-SS-3133,Middle Fork Powderhorn Creek,38.1996,-107.121,04-Jul-14,1,12.71,184,Not Reference or Degraded,16,66.7,2,96,21.2,29,19.9,51.7,35.7,58.5,1,95.9,20,96.2,11,78.6,42,0,15,0,32.2,0,8,0,41.4,0,7.1,0,8,0,0,0,307,LARGE,572.6,71.6,Not Impaired,Good,,,32,1,32_1,1
153218,MS-LS-3007,Dry Creek,38.3939,-108.07,06-Jul-14,1,14.71,186,Not Reference or Degraded,9,46.1,6.4,86.7,38.5,52.8,21.6,56.3,22.6,41.8,0,100,10,55.3,11,78.6,31,0,7,0,35.1,0,9,0,28.7,0,16.1,0,8,0,0,0,296,ok,517.6,64.7,Not Impaired,Good,,,33,1,33_1,1
153225,MS-SS-3105,Burnt Creek,38.1272,-107.12,03-Jul-14,2,10.7,183,Not Reference or Degraded,8,41.4,1.8,0,10.9,13.8,0,0,26.7,0,0,0,7,35,10,0,30,71.4,8,38.1,10.6,14.6,6,46.2,51.8,100,10,0,13,0,0,0,284,ok,360.5,45.1,Inconclusive: site is neither in reference nor degraded condition,Fair,,,34,1,34_1,2
153232,XE-SS-5150,Forrester Creek,40.9176,-105.982,03-Jul-14,1,13.21,183,Not Reference or Degraded,14,58.3,1.3,97.4,35.7,48.9,32.2,83.8,39.3,64.4,0,100,14,67.3,10,71.4,28,0,11,0,37.9,0,5,0,38.2,0,7.1,0,6,0,0,0,314,LARGE,591.5,73.9,Not Impaired,Good,,,35,1,35_1,1
153235,XE-SS-5157,,39.5613,-108.042,23-Jul-14,1,12.93,203,Not Reference or Degraded,5,20.8,23.3,51.9,11.3,15.5,9,23.4,11.1,18.2,14.6,38.8,3,14.4,5,35.7,18,0,2,0,16.3,0,4,0,31.6,0,22.2,0,5,0,0,0,301,LARGE,218.7,27.3,Likely Impaired,Poor,,,36,1,36_1,1
153241,XE-SS-5153,Oak Creek,38.8961,-108.037,22-Jul-14,1,14.72,202,Not Reference or Degraded,3,15.4,12.7,73.8,4,5.5,10.7,27.8,3.4,6.4,0,100,7,38.7,9,64.3,29,0,1,0,2,0,8,0,4.7,0,6.9,0,10,0,0,0,150,ok,331.8,41.5,Inadequate sample size,Fair,,,37,1,37_1,1
153248,MS-SS-3102,Middle Mamm Creek,39.393,-107.741,19-Jul-14,1,14.03,199,Not Reference or Degraded,7,31.7,0.7,98.5,9.1,12.5,3.6,9.5,33.3,57.6,0,100,6,30.6,5,35.7,18,0,6,0,10.2,0,4,0,6.9,0,5.6,0,6,0,0,0,275,ok,376,47,Not Impaired,Good,,,38,1,38_1,1
153272,MS-SS-3118,,39.3095,-107.907,18-Aug-14,1,12.53,229,Not Reference or Degraded,17,70.8,1.3,97.3,62.3,85.4,20.3,52.9,50,82,0,100,13,62.5,13,92.9,30,0,15,0,29.7,0,6,0,28.7,0,6.7,0,6,0,0,0,310,LARGE,643.8,80.5,Not Impaired,Good,,,39,1,39_1,1
153277,MS-RM-3071,Arkansas River,38.4777,-105.365,22-Aug-14,1,16.17,233,Not Reference or Degraded,10,71,2.6,94.7,41.9,57.5,0,0,22.2,48.8,0,100,8,53.9,5,35.7,18,0,4,0,3.9,0,5,0,9,0,11.1,0,4,0,0,0,155,ok,461.6,57.7,Inadequate sample size,Good,,,40,1,40_1,1
153278,MS-RM-3073,Colorado River,39.8951,-106.815,24-Aug-14,1,14.47,235,Not Reference or Degraded,10,49,2.7,94.4,42.7,58.6,0.7,1.8,20,36.1,5.1,78.7,10,53.7,7,50,25,0,5,0,2,0,5,0,3.1,0,12,0,3,0,0,0,295,ok,422.2,52.8,Not Impaired,Good,,,41,1,41_1,1
153279,MS-RM-3074,Arkansas River,38.503,-105.938,20-Aug-14,1,14.5,231,Not Reference or Degraded,6,29.5,6.3,86.9,3.9,5.3,2.5,6.4,11.1,20.1,1.1,95.6,9,48.5,10,71.4,27,0,3,0,3.9,0,8,0,6,0,22.2,0,6,0,0,0,285,ok,363.8,45.5,Not Impaired,Good,,,42,1,42_1,1
153280,MS-RM-3075,Colorado River,39.6887,-107.072,25-Aug-14,1,14.42,236,Not Reference or Degraded,12,58.2,0,100,49,67.2,4.7,12.2,28.1,50.5,11.1,53.7,10,53.4,6,42.9,32,0,9,0,11.1,0,7,0,9.4,0,0,0,8,0,0,0,298,ok,438.1,54.8,Not Impaired,Good,,,43,1,43_1,1
153281,MS-RO-3087,Eagle River,39.6912,-106.746,23-Aug-14,1,14.49,234,Not Reference or Degraded,5,24.6,6.5,86.5,12.7,17.4,10.5,27.4,22.2,40.2,1.8,92.4,5,26.9,3,21.4,18,0,4,0,8.7,0,2,0,12.7,0,27.8,0,3,0,0,0,276,ok,336.8,42.1,Inconclusive: site is neither in reference nor degrade condition,Fair,,,44,1,44_1,1
153282,XE-RM-5072,Gunnison River,38.8293,-108.378,18-Aug-14,3,18.16,229,Not Reference or Degraded,5,0,2.2,0,32,58.6,2.2,0,13.6,0,0,0,4,0,4,0,22,65.1,3,63.2,0,0,3,30,10.5,43.8,18.2,67,5,53.6,0,100,275,ok,481.3,60.2,Not impaired,Good,,,45,1,45_1,3
153289,MS-RM-3072,Arkansas River,38.4137,-105.576,21-Aug-14,1,15.59,232,Not Reference or Degraded,12,73.8,6.6,86.3,31.7,43.5,1.7,4.5,25.8,52.8,0,100,11,68.2,8,57.1,31,0,8,0,3.1,0,6,0,13.6,0,12.9,0,6,0,0,0,287,ok,486.3,60.8,Not Impaired,Good,,,46,1,46_1,1
155846,MS-SS-3114,Catamount Creek,39.7944,-106.83,26-Jul-15,2,11.28,206,Not Reference or Degraded,12,56.9,2.9,0,56.3,71,3.9,0,36.4,0,0,0,10,50,9,0,33,78.6,12,57.1,42.1,58.2,7,53.8,28.8,65.2,6.1,0,10,0,0,0,309,LARGE,490.9,61.4,Not impaired,Good,,,47,1,47_1,2
155853,XE-RM-5074,Yampa River,40.5174,-108.293,17-Jul-15,1,17.63,197,Not Reference or Degraded,11,100,7.1,85.3,49.5,67.9,4.5,11.8,23.5,63.4,20.4,14.7,10,86.3,8,57.1,34,0,8,0,21.4,0,8,0,20.4,0,17.6,0,5,0,0,0,309,LARGE,486.6,60.8,Not Impaired,Good,,,48,1,48_1,1
155874,MS-LS-3009,Eightmile Creek,38.6086,-105.131,12-Aug-15,2,13.57,223,Not Reference or Degraded,9,40.2,1.7,0,16.8,21.2,0.7,0,40,0,0,0,5,25,7,0,20,47.6,8,38.1,15.5,21.4,7,53.8,1,2.3,5,0,3,0,0,0,291,ok,249.7,31.2,Likely impaired,Poor,,,49,1,49_1,2
155875,MS-LS-3023,San Miguel River,38.0702,-108.166,01-Aug-15,1,13.24,212,Not Reference or Degraded,13,54.2,1.7,96.4,71.2,97.6,5.9,15.4,48.3,79.1,0.3,98.5,15,72.1,9,64.3,29,0,14,0,9.4,0,6,0,59.7,0,6.9,0,5,0,0,0,288,ok,577.7,72.2,Not Impaired,Good,,,50,1,50_1,1
155876,MS-LS-3027,,37.85,-107.581,09-Aug-15,2,11.66,220,Not Reference or Degraded,14,63.2,2.4,0,70.2,88.5,0,0,52,0,0,0,11,55,13,0,25,59.5,13,61.9,67.5,93.3,11,84.6,19.9,44.9,8,0,4,0,0,0,292,ok,551,68.9,Not impaired,Good,,,51,1,51_1,2
155877,MS-SS-3095,Spring Branch,37.6669,-105.2,09-Aug-15,2,13.47,220,Not Reference or Degraded,4,18.1,2.8,0,25,31.5,0.6,0,23.1,0,0,0,2,10,10,0,26,61.9,6,28.6,10,13.8,7,53.8,4.7,10.6,19.2,0,9,0,0,0,320,LARGE,228.3,28.5,Likely impaired,Poor,,,52,1,52_1,2
155878,MS-SS-3127,Oil Creek,38.8116,-105.13,08-Aug-15,2,10.27,219,Not Reference or Degraded,15,68,2.8,0,43.8,55.2,16.3,0,43.3,0,0,0,15,75,13,0,30,71.4,13,61.9,58.7,81.2,9,69.2,15.3,34.6,6.7,0,5,0,0,0,288,ok,516.4,64.6,Not impaired,Good,,,53,1,53_1,2
155885,MS-SS-3101,East Fork Little Blue Creek,38.3499,-107.361,26-Aug-15,2,14.7,237,Not Reference or Degraded,4,17.1,36.9,0,24.9,31.4,6.8,0,11.8,0,0,0,2,10,7,0,17,40.5,2,9.5,7.2,9.9,5,38.5,20.1,45.6,29.4,0,5,0,0,0,293,ok,202.4,25.3,Likely impaired,Poor,,,54,1,54_1,2
155892,MS-LS-3003,Egeria Creek,39.9638,-106.723,27-Aug-15,1,14.11,238,Not Reference or Degraded,18,82.7,3.8,92.2,44.3,60.8,19.2,50.1,42.5,74,0.7,97.1,19,97.8,10,71.4,40,0,17,0,25.1,0,5,0,11.3,0,7.5,0,7,0,0,0,291,ok,626.1,78.3,Not Impaired,Good,,,55,1,55_1,1
155893,XE-LS-5007,West Salt Creek,39.2521,-108.924,03-Sep-15,3,18.31,245,Not Reference or Degraded,5,0,14.9,0,21.3,39,4.3,0,15,0,0,0,4,0,7,0,20,59.2,3,63.2,0,0,6,60,6.4,26.5,15,75,5,55.6,0,100,47,SMALL,478.3,59.8,Inadequate sample size,Good,,,56,1,56_1,3
155903,MS-SS-3132,Saltado Creek,38.0209,-108.147,27-Sep-15,1,13.42,269,Not Reference or Degraded,16,66.7,2.6,94.6,67.3,92.3,8.4,21.9,41.9,68.7,1.3,94.6,12,57.7,12,85.7,31,0,13,0,51.1,0,7,0,22,0,9.7,0,7,0,0,0,309,LARGE,582.3,72.8,Not Impaired,Good,,,57,1,57_1,1
157074,CO-SS-9425,CO-SS-9425: Cedar Creek,38.4616,-107.684,04-Jul-14,1,15.83,184,Not Reference or Degraded,3,19.5,3.2,93.4,0.7,1,3.2,8.3,0,0,0,100,3,19.2,5,35.7,21,0,0,0,0,0,4,0,8.5,0,9.5,0,8,0,0,0,282,ok,277.2,34.6,Inconclusive: site is neither in reference nor degrade condition,Fair,,,58,1,58_1,1
157076,CO-SS-9413,CO-SS-9413:,39.5945,-108.97,22-Jul-14,1,12.91,202,Not Reference or Degraded,6,25,12.2,74.8,7.4,10.2,2.4,6.2,18.2,29.8,0.3,98.6,6,28.8,12,85.7,33,0,6,0,15.9,0,7,0,0,0,15.2,0,9,0,0,0,296,ok,359.1,44.9,Inconclusive: site is neither in reference nor degrade condition,Fair,,,59,1,59_1,1
157077,CO-RO-9402,CO-RO-9402: Piceance Creek,40.038,-108.26,21-Jul-14,1,16.51,201,Not Reference or Degraded,0,0,56.3,0,0,0,1.6,4.2,4.5,10.4,62.1,0,3,21.3,9,64.3,22,0,1,0,1,0,9,0,49.8,0,18.2,0,7,0,0,0,309,LARGE,100.2,12.5,Likely Impaired,Poor,,,60,1,60_1,1
157078,CO-LS-9429,CO-LS-9429: East Salt Creek,39.4693,-108.771,01-Aug-14,1,15.14,212,Not Reference or Degraded,0,0,0,100,0,0,50,100,0,0,50,0,0,0,2,14.3,2,0,0,0,0,0,2,0,0,0,0,0,0,0,0,0,2,SMALL,214.3,26.8,Inadequate sample size,Poor,,,61,1,61_1,1
157085,CO-LS-9445,CO-LS-9445: East Douglas Creek,39.8092,-108.655,07-Aug-14,1,15.05,218,Not Reference or Degraded,7,38.3,10.2,78.8,42,57.7,5.7,14.8,16,30.8,0,100,8,46.1,8,57.1,25,0,4,0,7.4,0,7,0,2.8,0,8,0,4,0,0,0,176,ok,423.7,53,Inadequate sample size,Good,,,62,1,62_1,1
157090,CO-LS-9442,"CO-LS-9442: Sal Creek, La",38.2956,-108.94,08-Jul-15,1,17,188,Not Reference or Degraded,6,54.6,1.9,96.2,25.9,35.6,0,0,21.4,52.6,0,100,5,38.5,4,28.6,14,0,3,0,3.7,0,3,0,1.9,0,7.1,0,1,0,0,0,54,SMALL,406,50.7,Inadequate sample size,Good,,,63,1,63_1,1
157094,CO-LS-9423,CO-LS-9423: Tabeguache Creek,38.3612,-108.561,23-Jul-15,1,17.03,203,Not Reference or Degraded,9,82.7,3,93.7,25.7,35.2,1,2.6,16.7,41.1,0,100,11,85.1,8,57.1,36,0,6,0,1.7,0,7,0,1,0,5.6,0,12,0,0,0,296,ok,497.6,62.2,Not Impaired,Good,,,64,1,64_1,1
157095,CO-RO-9406,CO-RO-9406: Little Snake River,40.5437,-108.425,18-Jul-15,1,16.75,198,Not Reference or Degraded,10,83.9,1.6,96.6,84.1,100,0,0,25,59.3,0,100,7,51.7,3,21.4,16,0,4,0,18.1,0,2,0,18.7,0,6.2,0,2,0,0,0,182,ok,512.8,64.1,Inadequate sample size,Good,,,65,1,65_1,1
157097,CO-SS-9403,CO-SS-9403: Ute Creek,38.7099,-108.858,22-Jul-15,1,14.45,202,Not Reference or Degraded,9,43.9,9.5,80.2,12.5,17.1,9.9,25.7,33.3,60.1,0.3,98.6,11,58.9,13,92.9,30,0,10,0,20.7,0,7,0,3.6,0,6.7,0,7,0,0,0,304,LARGE,477.5,59.7,Not Impaired,Good,,,66,1,66_1,1
157098,CO-SS-9439,CO-SS-9439: West Fork Dry Creek,38.4135,-108.117,25-Jul-15,1,14.43,205,Not Reference or Degraded,10,48.6,7.8,83.8,15.6,21.4,24.5,63.7,22.9,41.1,0.4,98.5,13,69.4,12,85.7,35,0,8,0,32.6,0,10,0,12.1,0,17.1,0,8,0,0,0,282,ok,512.4,64,Not Impaired,Good,,,67,1,67_1,1
157099,CO-RO-9409,CO-RO-9409: Gunnison River,38.7718,-107.86,02-Aug-15,3,16.66,213,Not Reference or Degraded,13,0,1.5,0,59.6,100,1.5,0,26.7,0,0,0,14,0,4,0,30,88.8,8,100,0,0,3,30,5.2,21.6,3.3,100,5,51.9,0.6,99.2,327,LARGE,591.4,73.9,Not impaired,Good,,,68,1,68_1,3
157103,CO-RO-9437,CO-RO-9437: Dolores River,37.9823,-108.845,07-Aug-15,1,16.41,218,Not Reference or Degraded,7,53.1,43.8,9.2,13.1,17.9,7.7,20,11.8,26.6,0,100,4,28,4,28.6,17,0,2,0,7.7,0,4,0,13.1,0,17.6,0,2,0,0,0,130,SMALL,283.4,35.4,Inadequate sample size,Fair,,,69,1,69_1,1
157106,CO-SS-9430,CO-SS-9430: Dirty George Creek,38.9457,-108.03,24-Aug-15,1,14.55,235,Not Reference or Degraded,18,89.4,9.8,79.8,36.3,49.8,8.8,23,56.7,100,0,100,20,100,8,57.1,30,0,17,0,19.2,0,5,0,26.5,0,3.3,0,2,0,0,0,317,LARGE,599.1,74.9,Not Impaired,Good,,,70,1,70_1,1
157107,CO-SS-9441,CO-SS-9441: First Anvil Creek,39.5494,-107.957,23-Aug-15,1,12.43,234,Not Reference or Degraded,9,37.5,2.2,95.5,30,41.2,1.9,4.9,21.9,35.9,0,100,3,14.4,11,78.6,32,0,7,0,15.6,0,6,0,24.7,0,6.2,0,11,0,0,0,320,LARGE,407.9,51,Not Impaired,Good,,,71,1,71_1,1
157108,CO-LS-9407,CO-LS-9407: Little Dominguez Creek,38.7406,-108.397,28-Aug-15,1,16.78,239,Not Reference or Degraded,5,42.3,3.2,93.3,2.9,4,1.6,4.2,13.3,31.7,0,100,5,37.1,4,28.6,15,0,2,0,0.3,0,4,0,0,0,13.3,0,2,0,0,0,309,LARGE,341.2,42.7,Inconclusive: site is neither in reference nor degrade condition,Fair,,,72,1,72_1,1
157824,SV-RV-10978,"Grande, Rio",37.2193,-105.745,23-Jul-16,1,18.24,204,Not Reference or Degraded,10,100,0.7,98.5,62.3,85.4,0,0,21.1,62.7,0,100,8,78.2,1,7.1,19,0,4,0,1.1,0,1,0,3.6,0,5.3,0,3,0,0,0,281,ok,532,66.5,Not Impaired,Good,,,73,1,73_1,1
157825,SV-RV-10722,"Grande, Rio",37.0134,-105.741,21-Jul-16,1,18.47,202,Not Reference or Degraded,6,100,1.6,96.7,33.9,46.4,1.9,4.9,25,77.5,0.3,98.7,5,51.5,3,21.4,16,0,4,0,1.9,0,2,0,1.6,0,12.5,0,2,0,0,0,316,LARGE,497.2,62.2,Not Impaired,Good,,,74,1,74_1,1
157826,GJ-LS-10237,Little Dominguez Creek,38.8017,-108.368,19-Aug-16,3,17.66,231,Not Reference or Degraded,5,0,6.1,0,22.2,40.6,21.5,0,12.5,0,0,0,7,0,6,0,16,47.3,2,42.1,0,0,4,40,27.3,100,6.2,96.9,2,21.6,0,100,293,ok,488.5,61.1,Not impaired,Good,,,75,1,75_1,3
157827,UC-SS-10413,Cottonwood Creek,38.7613,-107.655,07-Jul-16,1,16.89,188,Not Reference or Degraded,3,26.3,18.4,62,22.6,31,13.1,34.2,10,24.2,2.6,89,5,37.8,5,35.7,20,0,2,0,13.1,0,4,0,16.1,0,15,0,8,0,0,0,305,LARGE,340.2,42.5,Inconclusive: site is neither in reference nor degrade condition,Fair,,,76,1,76_1,1
157828,TR-LS-12146,Disappointment Creek,37.8528,-108.399,26-Jun-16,1,14.34,177,Not Reference or Degraded,7,33.5,2.9,94,26.7,36.6,0,0,17.4,31,0,100,7,37,5,35.7,23,0,4,0,19.9,0,5,0,21.8,0,4.3,0,9,0,0,0,206,ok,367.8,46,Not Impaired,Good,,,77,1,77_1,1
157829,TR-RV-10034,Dolores River,37.874,-108.821,27-Jun-16,1,16.18,178,Not Reference or Degraded,7,49.8,2.8,94.1,5.7,7.8,1.6,4.1,9.5,20.9,0.3,98.7,6,40.5,5,35.7,21,0,2,0,1.9,0,5,0,6,0,9.5,0,6,0,0,0,316,LARGE,351.7,44,Inconclusive: site is neither in reference nor degrade condition,Fair,,,78,1,78_1,1
157830,CR-LS-10525,Derby Creek,39.885,-106.957,02-Sep-16,1,11.72,245,Not Reference or Degraded,9,37.5,13.8,71.4,14.2,19.5,67.6,100,32,52.5,0,100,12,57.7,11,78.6,25,0,8,0,77.8,0,9,0,21.1,0,16,0,3,0,0,0,275,ok,517.1,64.6,Not Impaired,Good,,,79,1,79_1,1
157831,CR-SS-10557,Abrams Creek,39.5983,-106.848,05-Sep-16,1,12.96,248,Not Reference or Degraded,14,58.3,9.3,80.8,52,71.4,20.1,52.3,40,65.6,2.2,90.7,17,81.7,10,71.4,30,0,12,0,52.4,0,5,0,17.8,0,13.3,0,4,0,0,0,269,ok,572.2,71.5,Not Impaired,Good,,,80,1,80_1,1
157832,RG-LS-10402,Grape Creek,38.2764,-105.353,09-Jul-16,1,15.34,190,Not Reference or Degraded,13,75.7,2.8,94.2,61.4,84.2,3.2,8.2,28.6,56.8,0,100,14,83.9,7,50,28,0,8,0,13,0,5,0,30.2,0,3.6,0,7,0,0,0,285,ok,552.9,69.1,Not Impaired,Good,,,81,1,81_1,1
157833,RG-LS-10658,Currant Creek,38.5652,-105.398,07-Jul-16,1,14.73,188,Not Reference or Degraded,3,15.4,27.4,43.3,17.8,24.4,23.1,60.2,15,27.8,0,100,7,38.8,9,64.3,20,0,3,0,25.1,0,6,0,44.9,0,5,0,6,0,0,0,303,LARGE,374.2,46.8,Not Impaired,Good,,,82,1,82_1,1
157834,RG-SS-10338,,38.4637,-105.574,12-Jul-16,1,14.56,193,Not Reference or Degraded,14,69.7,16.2,66.4,10.7,14.7,12.9,33.6,35.1,64.1,10,58.3,12,65.1,14,100,37,0,13,0,13.3,0,11,0,20.7,0,8.1,0,11,0,0,0,271,ok,471.9,59,Not Impaired,Good,,,83,1,83_1,1
157835,CR-SS-10045,,39.6217,-107.941,11-Jul-16,1,12.78,192,Not Reference or Degraded,6,25,0,100,24,33,0,0,25,41,0,100,4,19.2,6,42.9,12,0,3,0,26.6,0,2,0,1.3,0,0,0,3,0,0,0,308,LARGE,361,45.1,Inconclusive: site is neither in reference nor degrade condition,Fair,,,84,1,84_1,1
157836,CR-SS-10365,West Coulter Creek,39.5008,-107.139,01-Sep-16,1,14.69,244,Not Reference or Degraded,8,40.8,7.4,84.7,28.2,38.6,61.3,100,41.2,76.1,3.2,86.7,6,33.1,7,50,17,0,7,0,72.9,0,4,0,64.4,0,23.5,0,1,0,0,0,284,ok,510.1,63.8,Not Impaired,Good,,,85,1,85_1,1
157837,GJ-LS-10381,East Salt Creek,39.4468,-108.777,27-Jun-16,1,15.75,178,Not Reference or Degraded,2,12.8,0,100,0,0,5.3,13.8,0,0,0,100,1,6.3,3,21.4,12,0,0,0,0,0,3,0,68,0,0,0,5,0,0,0,284,ok,254.3,31.8,Likely Impaired,Poor,,,86,1,86_1,1
157838,GJ-SS-11405,,39.5184,-108.671,17-Aug-16,1,14.93,229,Not Reference or Degraded,13,69.5,1.9,96.1,45.3,62.2,1.6,4.1,30.3,57.5,0.6,97.4,9,51.1,13,92.9,33,0,10,0,36.2,0,9,0,5.6,0,9.1,0,10,0,0,0,320,LARGE,530.7,66.3,Not Impaired,Good,,,87,1,87_1,1
157839,WR-SS-10505,,39.6864,-108.191,10-Jul-16,1,13.53,191,Not Reference or Degraded,5,20.9,1,97.9,4.3,6,1.7,4.4,16,26.3,0.3,98.6,6,28.9,10,71.4,25,0,4,0,1.7,0,6,0,4,0,4,0,8,0,0,0,299,ok,354.4,44.3,Inconclusive: site is neither in reference nor degrade condition,Fair,,,88,1,88_1,1
157840,KR-LS-11081,Williams Fork,39.9092,-106.103,24-Jul-16,1,12.73,205,Not Reference or Degraded,10,41.7,2,95.8,24.4,33.5,2.7,7.1,35.7,58.5,0,100,13,62.5,9,64.3,28,0,10,0,25.1,0,9,0,8.1,0,7.1,0,5,0,0,0,295,ok,463.3,57.9,Not Impaired,Good,,,89,1,89_1,1
157841,KR-SS-10313,,40.3239,-106.445,04-Aug-16,2,10.82,216,Not Reference or Degraded,7,32.1,1.7,0,40.9,51.5,1.4,0,27.8,0,0,0,4,20,5,0,18,42.9,5,23.8,11.1,15.4,4,30.8,9.8,22.2,5.6,0,4,0,0,0,296,ok,238.6,29.8,Likely impaired,Poor,,,90,1,90_1,2
157842,KR-SS-10569,Tipperary Creek,39.9092,-105.929,23-Jul-16,2,11.47,204,Not Reference or Degraded,13,62.1,13,0,25.6,32.3,0,0,35.1,0,0,0,9,45,14,0,37,88.1,13,61.9,15.8,21.8,9,69.2,34,77,10.8,0,13,0,0,0,285,ok,457.5,57.2,Not impaired,Good,,,91,1,91_1,2
157843,KR-SS-10825,Behler Creek,40.0561,-105.871,16-Sep-16,2,12.27,259,Not Reference or Degraded,11,44.9,2.4,0,61.9,78,5.2,0,42.3,0,0,0,7,35,9,0,26,61.9,11,52.4,46,63.7,5,38.5,19.2,43.5,7.7,0,7,0,0,0,291,ok,417.9,52.2,Not impaired,Good,,,92,1,92_1,2
157844,GN-LS-10114,Cebolla Creek,38.1864,-107.055,12-Jul-16,1,12.47,193,Not Reference or Degraded,11,45.8,7.5,84.5,28,38.4,13.4,34.8,37.9,62.2,1.3,94.5,14,67.3,11,78.6,29,0,11,0,26.1,0,8,0,15,0,13.8,0,4,0,0,0,307,LARGE,506.1,63.3,Not Impaired,Good,,,93,1,93_1,1
157845,GN-SS-10262,Trout Creek,38.2297,-107.257,09-Jul-16,1,12.76,190,Not Reference or Degraded,14,58.3,0.6,98.7,43.2,59.3,16.1,42,48,78.7,0.6,97.3,11,52.9,8,57.1,25,0,12,0,39,0,6,0,1,0,4,0,4,0,0,0,310,LARGE,544.3,68,Not Impaired,Good,,,94,1,94_1,1
157846,GN-SS-10498,Pine Creek,38.3068,-107.345,10-Jul-16,2,13.57,191,Not Reference or Degraded,9,45.2,0.7,0,60.7,76.6,3.7,0,23.1,0,0,0,12,60,11,0,26,61.9,6,28.6,40,55.3,8,61.5,8.9,20.1,3.8,0,9,0,0,0,135,SMALL,409.2,51.2,Inadequate sample size,Good,,,95,1,95_1,2
157847,GN-SS-10518,Indian Creek,38.1912,-107.168,04-Aug-16,2,10.76,216,Not Reference or Degraded,5,22.9,9.1,0,24.2,30.6,18.2,0,33.3,0,0,0,6,30,7,0,18,42.9,6,28.6,45.5,62.9,4,30.8,9.1,20.6,11.1,0,5,0,0,0,33,SMALL,269.1,33.6,Inadequate sample size,Poor,,,96,1,96_1,2
157848,GN-SS-10861,Oh-be-joyful Creek,38.9104,-107.032,29-Sep-16,2,11.06,272,Not Reference or Degraded,12,49,1.6,0,80.9,100,1.9,0,39.3,0,0,0,12,60,15,0,28,66.7,11,52.4,59.9,82.9,12,92.3,30.4,68.7,7.1,0,9,0,0,0,257,ok,571.9,71.5,Not impaired,Good,,,97,1,97_1,2
157849,GN-LS-10242,Henson Creek,38.0078,-107.455,21-Aug-16,2,10.13,233,Not Reference or Degraded,9,38.9,5.3,0,9.2,11.5,0,0,40,0,0,0,9,45,15,0,25,59.5,10,47.6,8.5,11.7,12,92.3,3.5,8,8,0,7,0,0,0,284,ok,314.5,39.3,Likely impaired,Poor,,,98,1,98_1,2
157850,GN-SS-10434,Henson Creek,37.9754,-107.549,20-Aug-16,2,8.21,232,Not Reference or Degraded,9,39,21.2,0,47.5,59.8,0,0,36.8,0,0,0,7,35,11,0,19,45.2,7,33.3,44.9,62.1,9,69.2,9.3,21.1,10.5,0,6,0,0,0,118,SMALL,364.9,45.6,Inadequate sample size,Fair,,,99,1,99_1,2
157851,RG-SS-10121,East Fork Arkansas River,39.3502,-106.219,10-Jul-16,2,10.02,191,Not Reference or Degraded,9,45.2,0.3,0,55.2,69.7,23.1,0,45,0,0,0,9,45,8,0,20,47.6,9,42.9,80.4,100,7,53.8,23.8,53.8,5,0,4,0,0,0,286,ok,458,57.2,Not impaired,Good,,,100,1,100_1,2
157852,KR-SS-10233,Stink Creek,40.9963,-105.901,05-Aug-16,1,12.03,217,Not Reference or Degraded,5,20.8,2.7,94.3,3.1,4.2,7.9,20.5,19.4,31.7,0.3,98.6,4,19.2,9,64.3,31,0,6,0,5.1,0,5,0,3.1,0,6.5,0,13,0,0,0,292,ok,353.7,44.2,Inconclusive: site is neither in reference nor degrade condition,Fair,,,101,1,101_1,1
157853,GJ-LS-10493,Little Dominguez Creek,38.7055,-108.436,14-Sep-16,1,16.11,257,Not Reference or Degraded,7,48.9,1.7,96.6,18.6,25.5,14.5,37.7,22.7,49.5,0,100,10,66.8,7,50,22,0,5,0,16.5,0,5,0,10.7,0,4.5,0,4,0,0,0,242,ok,475,59.4,Not Impaired,Good,,,102,1,102_1,1
157854,GJ-LS-10749,Big Dominguez Creek,38.7682,-108.493,04-Sep-16,1,15.63,247,Not Reference or Degraded,7,43.5,49.2,0,6.7,9.2,32.2,83.9,16.7,34.3,28.3,0,7,43.6,9,64.3,24,0,4,0,30.4,0,8,0,59.9,0,8.3,0,8,0,0,0,329,LARGE,278.7,34.8,Inconclusive: site is neither in reference nor degrade condition,Fair,,,103,1,103_1,1
157855,GJ-RV-10509,Dolores River,38.5703,-108.918,05-Sep-16,3,17.6,248,Not Reference or Degraded,12,0,8.1,0,62.6,100,5.4,0,12.9,0,0,0,13,0,6,0,31,91.7,4,84.2,0,0,4,40,11.4,47.5,6.5,96.4,6,67.1,1,98.7,297,ok,625.6,78.2,Not impaired,Good,,,104,1,104_1,3
157856,GJ-SS-12093,,39.293,-107.91,12-Jul-16,1,13.22,193,Not Reference or Degraded,13,54.2,2.8,94.1,36.7,50.3,23.8,62.1,41.4,67.8,0,100,14,67.3,10,71.4,29,0,12,0,30.2,0,6,0,37.4,0,6.9,0,6,0,0,0,281,ok,567.2,70.9,Not Impaired,Good,,,105,1,105_1,1
157857,LS-LS-10041,Canyon Creek,40.9715,-108.687,11-Jun-16,1,15.51,162,Not Reference or Degraded,1,6,3.6,92.6,0,0,3.2,8.4,0,0,0,100,2,12.3,5,35.7,15,0,0,0,0,0,3,0,1.1,0,6.7,0,6,0,0,0,279,ok,255,31.9,Likely Impaired,Poor,,,106,1,106_1,1
157858,LS-LS-10077,Willow Creek,40.9866,-107.53,21-Jul-16,1,15.27,202,Not Reference or Degraded,5,28.7,1.3,97.4,74.6,100,1.9,5,13.6,26.9,0,100,3,17.8,5,35.7,22,0,3,0,2.5,0,5,0,1.3,0,9.1,0,8,0,0,0,315,LARGE,411.4,51.4,Not Impaired,Good,,,107,1,107_1,1
157859,LS-RV-11065,Vermillion Creek,40.9542,-108.659,31-Aug-16,1,15.46,243,Not Reference or Degraded,2,12,0.9,98.2,0,0,3,7.7,7.1,14.4,0,100,2,12.2,4,28.6,14,0,1,0,1.2,0,4,0,77.2,0,7.1,0,4,0,0,0,337,LARGE,273,34.1,Inconclusive: site is neither in reference nor degrade condition,Fair,,,108,1,108_1,1
157860,LS-SS-13577,,40.3736,-107.48,21-Jul-16,1,14,202,Not Reference or Degraded,3,13.5,16.7,65.4,25.1,34.4,1,2.7,10,17.2,1.4,94.2,3,15.2,7,50,20,0,2,0,25.4,0,5,0,2.8,0,20,0,7,0,0,0,287,ok,292.7,36.6,Inconclusive: site is neither in reference nor degrade condition,Fair,,,109,1,109_1,1
157861,TR-LS-10674,Yellow Jacket Canyon,37.4474,-108.768,23-Jun-16,1,18.08,174,Not Reference or Degraded,4,57.5,4.8,90,31.3,43,2.4,6.3,17.6,51.2,0,100,5,47.3,6,42.9,17,0,3,0,7.2,0,4,0,6,0,11.8,0,3,0,0,0,83,SMALL,438,54.7,Inadequate sample size,Good,,,110,1,110_1,1
157862,TR-LS-11442,,37.4699,-108.726,27-Sep-16,1,17.94,270,Not Reference or Degraded,6,80.2,2.8,94.3,37.7,51.7,15.2,39.6,10.5,29.8,0,100,6,55.1,6,42.9,19,0,2,0,19,0,5,0,11.1,0,5.3,0,6,0,0,0,289,ok,493.6,61.7,Not Impaired,Good,,,111,1,111_1,1
157863,TR-LS-15538,Yellow Jacket Canyon,37.3454,-108.993,24-Jun-16,3,19.52,175,Not Reference or Degraded,7,0,22,0,29.9,54.8,36.9,0,21.4,0,0,0,4,0,3,0,14,41.4,3,63.2,0,0,2,20,4.1,17.2,7.1,94.6,4,38.5,0.6,99.2,314,LARGE,428.9,53.6,Not impaired,Good,,,112,1,112_1,3
157864,TR-RV-10546,Dolores River,38.1638,-108.879,18-Sep-16,1,17.71,261,Not Reference or Degraded,14,100,5.1,89.4,38.6,52.9,22.9,59.5,14.8,40.4,1.4,94.3,11,96.4,7,50,27,0,4,0,23.2,0,8,0,13.7,0,7.4,0,4,0,0,0,293,ok,583,72.9,Not Impaired,Good,,,113,1,113_1,1
157865,UC-LS-10253,Roc Creek,38.4331,-108.887,28-Sep-16,3,16.69,271,Not Reference or Degraded,9,0,4.2,0,43.8,80.3,10.4,0,33.3,0,0,0,11,0,5,0,21,62.1,7,100,0,0,4,40,23.4,97,4.8,100,5,59,0,100,308,LARGE,638.4,79.8,Not impaired,Good,,,114,1,114_1,3
157866,UC-RV-10317,Dolores River,38.3709,-108.808,20-Jul-16,3,18.17,201,Not Reference or Degraded,8,0,0,0,16.4,30.1,0,0,5.3,0,0,0,4,0,4,0,19,56.2,1,21.1,0,0,2,20,3,12.4,0,100,4,40.5,16.4,79.3,67,SMALL,359.5,44.9,Inadequate sample size,Good,,,115,1,115_1,3
157867,UC-SS-10061,Big Atkinson Creek,38.4307,-108.686,11-Jun-16,1,16.63,162,Not Reference or Degraded,1,8.1,9,81.5,0,0,22.4,58.3,5,11.7,0,100,2,14.5,5,35.7,20,0,1,0,0,0,6,0,6,0,15,0,7,0,0,0,67,SMALL,309.7,38.7,Inadequate sample size,Fair,,,116,1,116_1,1
157868,CR-SS-10621,West Sopris Creek,39.3414,-107.086,18-Aug-16,1,16.27,230,Not Reference or Degraded,6,43.8,0.3,99.3,5.8,7.9,5.4,14.1,33.3,74.1,0,100,9,61.6,2,14.3,12,0,4,0,9.2,0,1,0,4.1,0,8.3,0,0,0,0,0,295,ok,415.1,51.9,Not Impaired,Good,,,117,1,117_1,1
157869,WR-LS-10285,Fawn Creek,39.8007,-108.362,07-Jul-16,1,15.68,188,Not Reference or Degraded,6,37.7,16.7,65.5,3.3,4.6,7,18.3,3.1,6.5,13.7,42.7,7,43.9,7,50,32,0,1,0,7,0,7,0,18.1,0,12.5,0,16,0,0,0,270,ok,269.2,33.6,Likely Impaired,Poor,,,118,1,118_1,1
157870,WR-LS-10653,Yellow Creek,40.095,-108.349,22-Jun-16,1,18.08,173,Not Reference or Degraded,2,28.7,55,0,0.3,0.4,1.6,4.2,0,0,41.2,0,5,47.3,8,57.1,23,0,0,0,0.3,0,8,0,38.3,0,13,0,5,0,0,0,313,LARGE,137.7,17.2,Likely Impaired,Poor,,,119,1,119_1,1
157871,WR-LS-10717,West Douglas Creek,39.7366,-108.795,25-Jun-16,1,15.22,176,Not Reference or Degraded,3,17,9.2,81.1,1.3,1.8,1,2.6,0,0,4.6,80.9,3,17.7,9,64.3,22,0,0,0,0,0,10,0,5.6,0,9.1,0,8,0,0,0,306,LARGE,265.3,33.2,Likely Impaired,Poor,,,120,1,120_1,1
157872,WR-LS-10973,Missouri Creek,39.712,-108.951,22-Aug-16,1,14.91,234,Not Reference or Degraded,1,5.3,16.7,65.5,16.7,22.9,50,100,0,0,0,100,3,17,2,14.3,4,0,0,0,0,0,2,0,0,0,25,0,0,0,0,0,6,SMALL,325,40.6,Inadequate sample size,Fair,,,121,1,121_1,1
157873,WR-LS-11565,East Douglas Creek,39.78,-108.642,03-Sep-16,1,15.69,246,Not Reference or Degraded,4,25.2,1.7,96.4,18.6,25.5,1.4,3.6,12.5,25.9,0,100,6,37.7,5,35.7,24,0,3,0,5.2,0,4,0,5.9,0,8.3,0,9,0,0,0,290,ok,350.1,43.8,Inconclusive: site is neither in reference nor degrade condition,Fair,,,122,1,122_1,1
157874,WR-RV-10461,Douglas Creek,39.8817,-108.731,24-Jun-16,1,15.77,175,Not Reference or Degraded,3,19.3,3,93.7,15.2,20.8,3,7.9,4.5,9.5,1.5,93.7,5,31.8,5,35.7,22,0,1,0,16.7,0,5,0,18.2,0,9.1,0,6,0,0,0,66,SMALL,312.3,39,Inadequate sample size,Fair,,,123,1,123_1,1
157875,WR-RV-10909,Douglas Creek,40.0594,-108.77,20-Aug-16,1,17.08,232,Not Reference or Degraded,6,56.1,5,89.6,13.4,18.4,4.4,11.4,10.7,26.6,7,70.5,11,85.9,10,71.4,28,0,3,0,3.7,0,9,0,3,0,7.1,0,6,0,0,0,298,ok,429.9,53.7,Not Impaired,Good,,,124,1,124_1,1
157876,WR-SS-11053,East Willow Creek,39.7065,-108.281,08-Jul-16,1,13.88,189,Not Reference or Degraded,7,30.9,6.3,86.9,25.3,34.7,6.6,17.3,21.9,37.2,0.6,97.4,10,50.1,8,57.1,32,0,7,0,16.8,0,7,0,5.4,0,9.4,0,8,0,0,0,316,LARGE,411.7,51.5,Not Impaired,Good,,,125,1,125_1,1
157877,SV-LS-12610,Sheep Creek,38.2091,-106.47,13-Jun-16,1,13.23,164,Not Reference or Degraded,18,75,4.2,91.4,36.2,49.7,23.1,60.1,47.5,77.9,0,100,21,100,12,85.7,40,0,19,0,47.1,0,9,0,27.6,0,5,0,6,0,0,0,312,LARGE,639.7,80,Not Impaired,Good,,,126,1,126_1,1
157878,SV-SS-10146,,38.2233,-105.801,27-Jun-16,2,9.39,178,Not Reference or Degraded,7,37,0,0,19.5,24.6,0,0,42.1,0,0,0,5,25,6,0,19,45.2,8,38.1,19.5,27,4,30.8,9.3,21,0,0,6,0,0,0,323,LARGE,248.7,31.1,Likely impaired,Poor,,,127,1,127_1,2
157879,SV-SS-10594,Decker Creek,38.371,-106.013,25-Jun-16,1,13.42,176,Not Reference or Degraded,11,45.8,0,100,23.8,32.7,1,2.6,40,65.6,0,100,11,52.9,10,71.4,20,0,8,0,20.2,0,6,0,8.6,0,0,0,4,0,0,0,302,LARGE,471,58.9,Not Impaired,Good,,,128,1,128_1,1
157880,SV-SS-11586,Hat Springs Creek,38.0767,-106.494,11-Jun-16,1,13.26,162,Not Reference or Degraded,4,16.7,0.3,99.3,3.5,4.7,0.3,0.9,26.7,43.7,0,100,3,14.4,6,42.9,15,0,4,0,1.7,0,4,0,1.7,0,6.7,0,6,0,0,0,289,ok,322.6,40.3,Inconclusive: site is neither in reference nor degrade condition,Fair,,,129,1,129_1,1
157881,SV-SS-11618,Raspberry Creek,38.3344,-105.943,26-Jun-16,1,11.41,177,Not Reference or Degraded,16,66.7,2.3,95.3,41.8,57.3,2.9,7.5,58.6,96.1,1,96,15,72.1,13,92.9,29,0,17,0,40.2,0,9,0,17,0,6.9,0,4,0,0,0,311,LARGE,583.9,73,Not Impaired,Good,,,130,1,130_1,1
157882,SV-SS-11874,Decker Creek,38.3776,-106.009,26-Jul-16,1,13.12,207,Not Reference or Degraded,10,41.7,4.3,91.2,39,53.5,1.4,3.7,25.8,42.3,0,100,9,43.3,13,92.9,31,0,8,0,43.3,0,9,0,5,0,6.5,0,9,0,0,0,282,ok,468.5,58.6,Not Impaired,Good,,,131,1,131_1,1
157883,GN-SS-10370,Spring Hill Creek,38.3165,-106.918,07-Aug-16,2,12.28,219,Not Reference or Degraded,3,13.6,1.8,0,21.4,27,14.3,0,18.8,0,0,0,4,20,7,0,16,38.1,3,14.3,32.1,44.5,5,38.5,3.6,8.1,6.2,0,4,0,0,0,56,SMALL,204,25.5,Inadequate sample size,Poor,,,132,1,132_1,2
157884,TR-SS-10178,Arrastra Creek,37.8042,-107.612,28-Jul-16,2,8.24,209,Not Reference or Degraded,4,18.8,0,0,5.7,7.1,0,0,35.7,0,0,0,4,20,5,0,14,33.3,5,23.8,5.7,7.8,5,38.5,18,40.7,0,0,8,0,0,0,300,ok,190.1,23.8,Likely impaired,Poor,,,133,1,133_1,2
157885,TR-SS-10882,Pole Creek,37.8606,-107.545,27-Jul-16,2,8.82,208,Not Reference or Degraded,12,56.5,3.4,0,70.6,89,0,0,54.2,0,0,0,9,45,12,0,24,57.1,13,61.9,73,100,8,61.5,41.2,93.2,4.2,0,6,0,0,0,296,ok,564.4,70.6,Not impaired,Good,,,134,1,134_1,2
157886,TR-SS-11202,Deer Park Creek,37.7755,-107.659,14-Sep-16,2,8.82,257,Not Reference or Degraded,5,20.4,24.5,0,40.8,51.5,0,0,30.8,0,0,0,4,20,5,0,13,31,4,19,38.8,53.6,6,46.2,12.2,27.7,15.4,0,5,0,0,0,49,SMALL,269.4,33.7,Inadequate sample size,Poor,,,135,1,135_1,2
157887,UC-SS-10354,Saltado Creek,37.9955,-108.131,03-Aug-16,2,13.05,215,Not Reference or Degraded,10,45.9,8.2,0,19,24,60.9,0,30,0,0,0,11,55,11,0,30,71.4,9,42.9,74.8,100,9,69.2,61.2,100,16.7,0,9,0,0,0,294,ok,508.5,63.6,Not impaired,Good,,,136,1,136_1,2
164739,FR-TR-001,Currant Creek,38.6910019,-105.5059967,03-Aug-16,1,13.39,215,Not Reference or Degraded,4,16.7,1.8,96.3,6.4,8.8,7.5,19.5,16,26.2,0,100,7,33.7,6,42.9,25,0,4,0,8.9,0,5,0,61.8,0,8,0,8,0,0,0,280,ok,344.1,43,Inconclusive: site is neither in reference nor degrade condition,Fair,,,137,1,137_1,1
164740,FR-TR-002,Alder Creek,38.3669014,-106.0579987,23-Jun-16,1,12.3,174,Not Reference or Degraded,14,58.3,1.5,97,52.6,72.2,12.9,33.5,35.5,58.2,0,100,10,48.1,13,92.9,31,0,11,0,59.1,0,7,0,38.3,0,6.5,0,6,0,0,0,342,LARGE,560.1,70,Not Impaired,Good,,,138,1,138_1,1
164741,FR-TR-003,La Garita Creek,37.8148003,-106.2979965,25-Jul-16,1,14.1,206,Not Reference or Degraded,6,27.5,13.9,71.2,22.2,30.5,2.8,7.2,30.8,53.5,0,100,6,30.8,5,35.7,13,0,4,0,13.9,0,4,0,8.3,0,7.7,0,1,0,0,0,36,SMALL,356.5,44.6,Inadequate sample size,Fair,,,139,1,139_1,1
164742,FR-TR-004,Balm of Gilead,38.8889999,-105.5339966,19-Aug-16,1,12.5,231,Not Reference or Degraded,8,33.3,10.2,78.9,7.7,10.6,11.7,30.5,25,41,0.3,98.7,8,38.5,13,92.9,40,0,10,0,16.4,0,8,0,22.5,0,7.5,0,10,0,0,0,324,LARGE,424.4,53,Not Impaired,Good,,,140,1,140_1,1
164743,FR-TR-005,Pruden Creek,38.8875008,-105.5680008,09-Aug-16,1,12.39,221,Not Reference or Degraded,6,25,26.2,45.7,30,41.2,31.7,82.6,33.3,54.6,2.4,89.9,9,43.3,7,50,24,0,8,0,46.9,0,6,0,32.1,0,16.7,0,5,0,0,0,290,ok,432.3,54,Not Impaired,Good,,,141,1,141_1,1
164744,FR-TR-006,Texas Creek,38.3717003,-105.5889969,04-Aug-16,1,15.32,216,Not Reference or Degraded,9,52.2,1.7,96.6,34.4,47.2,14.2,37.1,20,39.6,0.3,98.6,15,89.6,7,50,30,0,6,0,23.5,0,5,0,36.4,0,6.7,0,5,0,0,0,302,LARGE,510.9,63.9,Not Impaired,Good,,,142,1,142_1,1
164745,FR-TR-007,Badger Creek,38.4800987,-105.8590012,05-Aug-16,1,14.6,217,Not Reference or Degraded,4,20.1,1.7,96.5,1.7,2.3,1,2.6,10.5,19.3,0,100,5,27.3,4,28.6,19,0,2,0,1.3,0,4,0,16.2,0,5.3,0,7,0,0,0,297,ok,296.6,37.1,Inconclusive: site is neither in reference nor degrade condition,Fair,,,143,1,143_1,1
164746,FR-TR-008,Fourmile Creek,38.8774986,-106.1289978,06-Aug-16,1,12.97,218,Not Reference or Degraded,12,50,4.4,90.8,29.6,40.6,4.1,10.6,33.3,54.6,0.7,97.2,11,52.9,12,85.7,39,0,13,0,18,0,10,0,9.9,0,12.8,0,9,0,0,0,294,ok,482.5,60.3,Not Impaired,Good,,,144,1,144_1,1
164747,FR-TR-009,Birdseye Gulch,39.2991982,-106.2080002,20-Aug-16,2,7.88,232,Not Reference or Degraded,11,47.7,0.3,0,34.2,43.2,0,0,40,0,0,0,11,55,9,0,25,59.5,10,47.6,35.2,48.7,7,53.8,27.9,63.1,4,0,5,0,0,0,301,LARGE,418.7,52.3,Not impaired,Good,,,145,1,145_1,2
164748,FR-TR-010,Green Creek,38.5209999,-106.1640015,07-Aug-16,1,12.51,219,Not Reference or Degraded,8,33.3,0.3,99.3,8.1,11.2,6.8,17.7,38.9,63.8,0,100,10,48.1,3,21.4,18,0,7,0,12.2,0,3,0,11.2,0,5.6,0,2,0,0,0,295,ok,394.7,49.3,Not Impaired,Good,,,146,1,146_1,1
164749,FR-TR-012,Badger Creek,38.6567993,-105.8150024,24-Aug-16,2,12.94,236,Not Reference or Degraded,4,17.1,59.2,0,5.6,7.1,9.6,0,6.2,0,0,0,4,20,5,0,16,38.1,1,4.8,11.2,15.5,2,15.4,18.4,41.6,12.5,0,5,0,0,0,125,SMALL,159.5,19.9,Inadequate sample size,Poor,,,147,1,147_1,2
164750,FR-TR-013,Eagle Creek,38.3364983,-105.9629974,13-Sep-16,1,12.32,256,Not Reference or Degraded,14,58.3,3.9,91.9,37.1,50.9,10.1,26.3,39.4,64.6,1,95.9,13,62.5,10,71.4,33,0,13,0,27.7,0,8,0,31.3,0,9.1,0,9,0,0,0,307,LARGE,521.9,65.2,Not Impaired,Good,,,148,1,148_1,1
164751,FR-TR-014,Nieland Creek,38.3498993,-105.9810028,14-Sep-16,1,12.45,257,Not Reference or Degraded,12,50,0.7,98.6,30.6,42,7.4,19.3,46.4,76.1,0,100,10,48.1,10,71.4,28,0,13,0,24.2,0,6,0,8.8,0,7.1,0,7,0,0,0,297,ok,505.5,63.2,Not Impaired,Good,,,149,1,149_1,1
164752,FR-TR-015,Rock Creek,38.3550987,-105.9919968,16-Sep-16,1,12.57,259,Not Reference or Degraded,9,37.5,0.7,98.7,78.8,100,0.3,0.8,34.6,56.7,0,100,7,33.7,8,57.1,26,0,9,0,9.1,0,6,0,59.9,0,7.7,0,8,0,0,0,307,LARGE,484.5,60.6,Not Impaired,Good,,,150,1,150_1,1
164753,FR-TR-016,Little High Creek,38.7113991,-105.2699966,22-Aug-16,1,14.34,234,Not Reference or Degraded,7,33.5,16.2,66.5,10.5,14.4,8.6,22.3,13.9,24.8,23.2,3,6,31.7,8,57.1,36,0,5,0,7.6,0,8,0,30.8,0,13.9,0,11,0,0,0,315,LARGE,253.3,31.7,Likely Impaired,Poor,,,151,1,151_1,1
164754,NW-TR-001,Muddy Creek,40.0820007,-106.3970032,03-Aug-16,1,15.27,215,Not Reference or Degraded,0,0,0,100,0,0,50,100,0,0,0,100,1,5.9,0,0,4,0,0,0,50,0,0,0,50,0,0,0,0,0,0,0,8,SMALL,305.9,38.2,Inadequate sample size,Fair,,,152,1,152_1,1
164755,NW-TR-002,Grace Creek,40.9291,-106.012001,07-Aug-16,1,12.4,219,Not Reference or Degraded,13,54.2,0.4,99.2,17.5,24.1,6,15.5,41.4,67.8,0,100,11,52.9,7,50,29,0,12,0,17.2,0,5,0,19.8,0,3.4,0,5,0,0,0,268,ok,463.7,58,Not Impaired,Good,,,153,1,153_1,1
164756,NW-TR-003,Spring Creek,40.6137009,-106.185997,08-Aug-16,1,11.67,220,Not Reference or Degraded,3,12.5,61.1,0,3.3,4.6,4.6,11.9,0,0,0,100,3,14.4,1,7.1,20,0,0,0,4,0,1,0,6.7,0,20,0,6,0,0,0,329,LARGE,150.5,18.8,Likely Impaired,Poor,,,154,1,154_1,1
164757,SW-TR-002,Smith Fork of the Gunnison River,38.7341995,-107.8150024,17-Aug-16,1,16.38,229,Not Reference or Degraded,4,30.1,11.8,75.6,49,67.2,9.8,25.5,15.8,35.6,2,91.8,7,48.7,5,35.7,19,0,3,0,11.8,0,4,0,15.7,0,26.3,0,1,0,0,0,51,SMALL,410.3,51.3,Inadequate sample size,Good,,,155,1,155_1,1
164758,SW-TR-003,Palmetto Gulch upstream from Thoreau Cabin,37.9810982,-107.560997,23-Aug-16,2,8.67,235,Not Reference or Degraded,1,4.3,0,0,100,100,0,0,100,0,0,0,0,0,1,0,1,2.4,1,4.8,100,100,1,7.7,0,0,0,0,0,0,0,0,1,SMALL,219.1,27.4,Inadequate sample size,Poor,,,156,1,156_1,2
167533,TRS-SS-22594,NO NAME,37.249822,-107.116212,17-Aug-17,1,15.4499998,228,Not Reference or Degraded,4,23.8,64.3,0,15.2,20.8,0,0,4.3,8.7,14.3,40.2,5,30.4,7,50,23,0,1,0,0.3,0,6,0,67,0,34.8,0,8,0,0,0,336,LARGE,174,21.8,Likely Impaired,Poor,,,157,1,157_1,1
167534,FR-TR-1357,CACHE CREEK,39.043172,-106.269082,09-Aug-17,2,12.79,220,Not Reference or Degraded,6,27.1,8.2,0,5.1,6.5,8.2,0,11.5,0,0,0,5,25,3,0,26,61.9,3,14.3,12.7,17.5,1,7.7,12,27.1,23.1,0,7,0,0,0,292,ok,187.1,23.4,Likely impaired,Poor,,,158,1,158_1,2
167535,RG-LS-10185,ARKANSAS RIVER,38.649445,-106.048546,24-Aug-17,1,13.8500004,235,Not Reference or Degraded,11,48.4,8.6,82.3,17.8,24.4,9.2,24.1,28.2,47.8,1,95.7,15,74.9,8,57.1,39,0,11,0,14.4,0,6,0,18.5,0,12.8,0,8,0,0,0,292,ok,454.8,56.8,Not Impaired,Good,,,159,1,159_1,1
167536,RG-LS-10889,ARKANSAS RIVER,38.925445,-106.169468,27-Aug-17,1,12.7700005,238,Not Reference or Degraded,10,41.7,0,100,38.1,52.3,1.1,2.8,42.3,69.4,0,100,16,76.9,9,64.3,26,0,11,0,8.6,0,6,0,6.1,0,0,0,4,0,0,0,278,ok,507.3,63.4,Not Impaired,Good,,,160,1,160_1,1
167537,RG-RV-12898,ARKANSAS RIVER,38.508419,-105.959955,26-Aug-17,1,14.3800001,237,Not Reference or Degraded,10,48.2,2,95.8,31.8,43.6,4.7,12.3,37,66.3,0.3,98.6,12,63.7,9,64.3,27,0,10,0,5.7,0,8,0,17.6,0,11.1,0,5,0,0,0,296,ok,492.7,61.6,Not Impaired,Good,,,161,1,161_1,1
167538,FR-TR-1245,CONEJOS RIVER,37.29742,-105.797834,13-Sep-17,1,16.25,255,Not Reference or Degraded,12,87,2.5,94.9,65.5,89.8,0,0,29.2,64.7,0,100,13,88.7,7,50,24,0,7,0,1.4,0,5,0,6.7,0,12.5,0,3,0,0,0,284,ok,575.1,71.9,Not Impaired,Good,,,162,1,162_1,1
167539,FR-TR-1321,LA JARA CREEK,37.271822,-106.136654,20-Jul-17,1,14.9899998,200,Not Reference or Degraded,12,64.9,1.4,97,65.1,89.3,1.1,2.8,20.6,39.3,0,100,13,74.4,7,50,34,0,7,0,10.1,0,7,0,22.3,0,11.8,0,8,0,0,0,278,ok,517.8,64.7,Not Impaired,Good,,,163,1,163_1,1
167540,SV-LS-24962,ALAMOSA RIVER,37.372529,-106.326152,12-Sep-17,1,13.6599998,254,Not Reference or Degraded,12,51.2,1.1,97.7,28.9,39.6,4.4,11.6,40.9,68.1,0,100,10,48.9,9,64.3,22,0,9,0,6.7,0,7,0,4.4,0,4.5,0,5,0,0,0,90,SMALL,481.4,60.2,Inadequate sample size,Good,,,164,1,164_1,1
167541,SV-RV-16674,"GRANDE, RIO",37.302665,-105.732414,22-Sep-17,1,18.4300003,264,Not Reference or Degraded,10,100,0.7,98.6,61.4,84.2,0.3,0.9,22.2,68.4,0.3,98.6,7,71.4,3,21.4,18,0,4,0,0.3,0,3,0,2.7,0,11.1,0,2,0,0,0,298,ok,543.6,67.9,Not Impaired,Good,,,165,1,165_1,1
167542,FR-TR-1097,RIO GRANDE,37.180229,-105.729921,23-Sep-17,1,19.6200008,265,Not Reference or Degraded,11,100,16.7,65.4,24.1,33,0.3,0.9,21.2,82.9,11,53.8,7,97.9,7,50,33,0,7,0,0.3,0,6,0,5,0,24.2,0,6,0,0,0,299,ok,483.9,60.5,Not Impaired,Good,,,166,1,166_1,1
167543,RG-LS-12706,GRAPE CREEK,38.240458,-105.389246,20-Jun-17,1,15.2600002,170,Not Reference or Degraded,10,57.2,2.1,95.7,33.8,46.4,0.7,1.8,26.1,51.4,0.7,97.1,6,35.6,5,35.7,23,0,6,0,13.9,0,5,0,8.7,0,8.7,0,6,0,0,0,287,ok,420.8,52.6,Not Impaired,Good,,,167,1,167_1,1
167544,UC-RV-12461,GUNNISON RIVER,38.770363,-107.872068,13-Aug-17,3,16.7299995,224,Not Reference or Degraded,10,0,3.7,0,52,95.3,3,0,21.9,0,0,0,14,0,6,0,32,94.7,7,100,0,0,5,50,4,16.7,12.5,81.2,6,63.7,0.3,99.6,298,ok,601.2,75.1,Not impaired,Good,,,168,1,168_1,3
167545,UC-SS-11437,JAY CREEK,38.879634,-107.703517,14-Jun-17,1,15.0500002,164,Not Reference or Degraded,7,38.3,3.8,92.1,29.3,40.1,16.7,43.6,41.7,80.1,0.7,97.1,8,46.1,11,78.6,24,0,10,0,46,0,8,0,35.9,0,16.7,0,5,0,0,0,287,ok,516,64.5,Not Impaired,Good,,,169,1,169_1,1
167546,TR-LS-19314,PLATEAU CREEK,37.683302,-108.467683,29-Jun-17,1,15.5699997,179,Not Reference or Degraded,3,18.4,0,100,18.8,25.8,0.3,0.9,0,0,0,100,4,24.7,5,35.7,14,0,0,0,10.1,0,3,0,13.1,0,0,0,7,0,0,0,298,ok,305.5,38.2,Inconclusive: site is neither in reference nor degrade condition,Fair,,,170,1,170_1,1
167547,TR-LS-23410,DISAPPOINTMENT CREEK,37.858673,-108.525971,29-Sep-17,1,16.0300007,271,Not Reference or Degraded,4,27.4,0.6,98.7,90.8,100,0,0,26.7,57.5,0,100,6,39.6,6,42.9,15,0,4,0,32.5,0,6,0,0,0,6.7,0,5,0,0,0,163,ok,466.1,58.3,Inadequate sample size,Good,,,171,1,171_1,1
167548,TR-RV-11058,DOLORES RIVER,37.656074,-108.736088,14-Aug-17,1,15.6899996,225,Not Reference or Degraded,8,50.4,8.9,81.6,29.1,39.9,0.3,0.9,22.7,47,0,100,5,31.4,5,35.7,22,0,5,0,3.1,0,6,0,5.5,0,4.5,0,7,0,0,0,292,ok,387,48.4,Not Impaired,Good,,,172,1,172_1,1
167549,TR-RV-11058,DOLORES RIVER,37.656074,-108.736088,03-Aug-17,1,15.6899996,214,Not Reference or Degraded,7,44.1,9.7,79.9,25.2,34.6,0.6,1.7,16.7,34.5,0.3,98.6,10,62.8,8,57.1,30,0,5,0,3.2,0,8,0,5.8,0,10,0,9,0,0,0,309,LARGE,413.4,51.7,Not Impaired,Good,,,173,1,173_1,1
167550,TR-RV-12002,DOLORES RIVER,37.798784,-108.825717,01-Sep-17,1,16.1100006,243,Not Reference or Degraded,11,76.9,3,93.8,46.8,64.3,4,10.4,23.1,50.3,0.3,98.6,12,80.1,8,57.1,26,0,6,0,24.3,0,8,0,43.2,0,11.5,0,5,0,0,0,301,LARGE,531.5,66.4,Not Impaired,Good,,,174,1,174_1,1
167551,CR-SS-11805,WILLOW CREEK,39.793452,-107.022245,01-Aug-17,1,14.6300001,212,Not Reference or Degraded,3,15.1,9.2,80.9,2,2.7,23.4,61,6.1,11.1,0,100,9,49.2,13,92.9,33,0,2,0,18.2,0,11,0,34.3,0,12.1,0,11,0,0,0,303,LARGE,413,51.6,Not Impaired,Good,,,175,1,175_1,1
167552,CR-SS-11837,EBY CREEK,39.695876,-106.832848,15-Jun-17,1,13.8199997,165,Not Reference or Degraded,15,65.6,3.8,92.1,35.5,48.8,19.2,49.9,35.3,59.7,0,100,15,74.7,15,100,34,0,12,0,42.5,0,8,0,44.6,0,5.9,0,8,0,0,0,287,ok,590.8,73.8,Not Impaired,Good,,,176,1,176_1,1
167553,CR-SS-12605,MILE CREEK,39.757741,-106.790758,14-Sep-17,2,12.0500002,256,Not Reference or Degraded,15,61.2,0.7,0,69.2,87.3,10.7,0,39.4,0,0,0,16,80,16,0,33,78.6,13,61.9,75.1,100,10,76.9,22.8,51.7,3,0,5,0,0,0,289,ok,597.6,74.7,Not impaired,Good,,,177,1,177_1,2
167554,KR-RV-11017,COLORADO RIVER,39.890043,-106.616669,29-Aug-17,1,13.7799997,240,Not Reference or Degraded,3,13,23.5,51.4,15,20.6,1.6,4.2,5.6,9.4,11.1,53.7,6,29.7,7,50,36,0,2,0,2.3,0,6,0,7.8,0,19.4,0,13,0,0,0,307,LARGE,232,29,Likely Impaired,Poor,,,178,1,178_1,1
167555,KR-SS-13833,COTTONWOOD CREEK,39.913052,-106.520664,11-Sep-17,1,13.1599998,253,Not Reference or Degraded,10,41.7,0.6,98.7,33.8,46.4,27.4,71.5,27.6,45.2,0,100,15,72.1,9,64.3,29,0,8,0,40.2,0,3,0,17.7,0,3.4,0,8,0,0,0,328,LARGE,539.9,67.5,Not Impaired,Good,,,179,1,179_1,1
167556,FR-TR-1144,LOWER CURRANT CREEK,38.498953,-105.407808,26-Jul-17,1,14.9499998,206,Not Reference or Degraded,8,42.9,11.5,76.1,11.2,15.3,26.4,68.9,18.8,35.7,4.7,80.1,9,51.2,9,64.3,32,0,6,0,27.5,0,7,0,31.9,0,15.6,0,9,0,0,0,295,ok,434.6,54.3,Not Impaired,Good,,,180,1,180_1,1
167557,FOURMILE-A,"Four Mile Creek, above center well",38.532055,-105.21842,18-Jul-17,1,15,198,Not Reference or Degraded,7,37.9,2,95.8,31.1,42.6,9.8,25.5,24,45.9,0,100,14,80.2,6,42.9,25,0,6,0,9.5,0,3,0,4.4,0,8,0,3,0,0,0,296,ok,470.9,58.9,Not Impaired,Good,,,181,1,181_1,1
167558,OTR-03,Arkansas River,38.389217,-105.655583,25-Aug-17,1,15.21,236,Not Reference or Degraded,10,56.6,8.2,83,12.9,17.6,5.4,14,19.4,38.1,1.1,95.5,12,70.7,9,64.3,36,0,7,0,6.1,0,8,0,6.8,0,11.1,0,10,0,0,0,280,ok,439.7,55,Not Impaired,Good,,,182,1,182_1,1
167559,CR-SS-12013,SECOND ANVIL CREEK,39.564135,-107.922001,10-Jul-17,1,11.1000004,190,Not Reference or Degraded,3,12.5,11.1,76.9,27.7,38,1.6,4.1,11.5,18.9,0,100,2,9.6,10,71.4,26,0,3,0,28,0,4,0,2.5,0,7.7,0,10,0,0,0,314,LARGE,331.5,41.4,Inconclusive: site is neither in reference nor degrade condition,Fair,,,183,1,183_1,1
167560,CR-SS-12525,BEN GOOD CREEK,39.592787,-108.027398,11-Jul-17,1,12.7700005,191,Not Reference or Degraded,3,12.5,0,100,65,89.1,0,0,23.5,38.6,0,100,2,9.6,5,35.7,17,0,4,0,64.3,0,2,0,0,0,0,0,5,0,0,0,294,ok,385.5,48.2,Not Impaired,Good,,,184,1,184_1,1
167561,CR-SS-12553,HARRIS GULCH,39.735309,-107.845247,17-Jul-17,2,12.5900002,197,Not Reference or Degraded,8,39.3,2.8,0,17.6,22.3,3.8,0,19.5,0,0,0,10,50,10,0,41,97.6,8,38.1,21.1,29.2,7,53.8,32.2,72.8,12.2,0,14,0,0,0,289,ok,403.1,50.4,Inconclusive: site is neither in reference nor degraded condition,Fair,,,185,1,185_1,2
167562,GJ-LS-12429,BIG SALT WASH,39.431946,-108.689746,07-Jun-17,1,16.1599998,157,Not Reference or Degraded,2,14.2,2.5,94.9,0,0,0,0,0,0,0.4,98.5,3,20.2,3,21.4,9,0,0,0,0,0,2,0,8.5,0,22.2,0,2,0,0,0,282,ok,249.2,31.1,Likely Impaired,Poor,,,186,1,186_1,1
167563,WR-SS-10445,POTTS CREEK,39.625851,-108.309159,21-Jun-17,1,13.7700005,171,Not Reference or Degraded,2,8.7,0,100,1.1,1.5,0.7,1.9,18.5,31.2,0,100,4,19.8,9,64.3,27,0,5,0,1.1,0,7,0,1.8,0,0,0,12,0,0,0,274,ok,327.3,40.9,Inconclusive: site is neither in reference nor degrade condition,Fair,,,187,1,187_1,1
167564,WR-SS-12877,NA,39.524368,-109.041861,24-Aug-17,1,15.0699997,235,Not Reference or Degraded,5,27.5,13.4,72.3,8.4,11.5,29.4,76.6,7.7,14.8,0.3,98.6,8,46.3,8,57.1,26,0,2,0,30.8,0,6,0,55.5,0,26.9,0,8,0,0,0,299,ok,404.7,50.6,Not Impaired,Good,,,188,1,188_1,1
167565,WR-SS-14541,POTTS CREEK,39.612917,-108.324323,26-Sep-17,1,12.54,268,Not Reference or Degraded,5,20.8,0.7,98.6,25.6,35.1,0,0,16.7,27.3,0,100,3,14.4,3,21.4,12,0,2,0,11.4,0,1,0,1.7,0,8.3,0,3,0,0,0,297,ok,317.7,39.7,Inconclusive: site is neither in reference nor degrade condition,Fair,,,189,1,189_1,1
167566,KR-LS-11337,TROUBLESOME CREEK,40.237688,-106.312529,25-Jul-17,2,11.8999996,205,Not Reference or Degraded,14,66.7,4.8,0,33.4,42.2,11,0,41.9,0,0,0,14,70,12,0,31,73.8,13,61.9,36.9,51,10,76.9,15.2,34.3,12.9,0,6,0,0,0,290,ok,476.9,59.6,Not impaired,Good,,,190,1,190_1,2
167567,KR-LS-14153,BEAVER CREEK,40.045462,-106.122014,11-Aug-17,1,13.7200003,222,Not Reference or Degraded,20,86.1,2.4,95,26.7,36.7,4.9,12.7,46.2,77.3,0,100,18,88.7,8,57.1,39,0,18,0,16.7,0,5,0,14.2,0,5.1,0,7,0,0,0,288,ok,553.5,69.2,Not Impaired,Good,,,191,1,191_1,1
167568,KR-LS-14153,BEAVER CREEK,40.045462,-106.122014,02-Aug-17,2,13.7200003,213,Not Reference or Degraded,20,92.6,2.7,0,20.6,26,11.1,0,48.8,0,0,0,18,90,11,0,41,97.6,20,95.2,23,31.8,7,53.8,17.2,39,4.9,0,8,0,0,0,296,ok,526,65.7,Not impaired,Good,,,192,1,192_1,2
167569,KR-RV-10057,COLORADO RIVER,40.061766,-106.130164,20-Sep-17,1,13.0200005,262,Not Reference or Degraded,16,66.7,1.7,96.4,73.2,100,0,0,39.4,64.6,0.7,97.1,15,72.1,7,50,33,0,13,0,23.7,0,5,0,3.4,0,12.1,0,5,0,0,0,291,ok,546.9,68.4,Not Impaired,Good,,,193,1,193_1,1
167570,KR-RV-12809,COLORADO RIVER,39.960899,-106.540058,28-Aug-17,1,13.0299997,239,Not Reference or Degraded,5,20.8,35.4,26.6,7.1,9.7,3.9,10.3,10.3,17,15,37.4,6,28.8,3,21.4,29,0,3,0,4.7,0,3,0,11.8,0,20.7,0,9,0,0,0,127,SMALL,172.1,21.5,Inadequate sample size,Poor,,,194,1,194_1,1
167571,KR-SS-12617,KINNEY CREEK,40.114362,-106.080628,03-Aug-17,2,12.8299999,214,Not Reference or Degraded,14,64.6,2.1,0,19.4,24.5,19.8,0,37.1,0,0,0,16,80,9,0,35,83.3,13,61.9,54.5,75.4,6,46.2,9.4,21.2,5.7,0,9,0,0,0,288,ok,457.1,57.1,Not impaired,Good,,,195,1,195_1,2
167572,KR-SS-13049,NA,40.091239,-106.268781,11-Aug-17,1,14.3699999,222,Not Reference or Degraded,2,9.6,81.2,0,0.6,0.9,0.6,1.7,0,0,8.4,64.8,5,26.5,4,28.6,10,0,0,0,0.3,0,3,0,0.6,0,10,0,1,0,0,0,309,LARGE,132.1,16.5,Likely Impaired,Poor,,,196,1,196_1,1
167573,KR-SS-13049,NA,40.091239,-106.268781,24-Jul-17,1,14.3699999,204,Not Reference or Degraded,0,0,84.7,0,0,0,0,0,0,0,12.2,48.9,3,15.9,3,21.4,8,0,0,0,0,0,2,0,0.3,0,25,0,1,0,0,0,295,ok,86.3,10.8,Likely Impaired,Poor,,,197,1,197_1,1
167574,KR-SS-15097,SMITH CREEK,40.104866,-106.157213,12-Sep-17,2,13.3800001,254,Not Reference or Degraded,17,69.4,1.5,0,77.5,97.7,4,0,51.4,0,0,0,14,70,16,0,35,83.3,18,85.7,25.5,35.2,10,76.9,63.6,100,8.6,0,11,0,0,0,275,ok,618.2,77.3,Not impaired,Good,,,198,1,198_1,2
167575,FR-TR-1215,TROUT CREEK,38.231633,-107.258281,02-Aug-17,1,12.7600002,213,Not Reference or Degraded,15,62.5,6.1,87.5,33.3,45.7,7.1,18.4,36.4,59.6,0.3,98.6,12,57.7,7,50,33,0,12,0,22.6,0,4,0,3.4,0,9.1,0,9,0,0,0,297,ok,480,60,Not Impaired,Good,,,199,1,199_1,1
167576,FR-TR-1344,VAN BOXEL CREEK,38.295278,-107.489357,15-Aug-17,2,12.6400003,226,Not Reference or Degraded,12,53.1,0.3,0,38.3,48.3,2.3,0,42.3,0,0,0,12,60,6,0,26,61.9,11,52.4,35,48.4,4,30.8,29.3,66.4,3.8,0,8,0,0,0,300,ok,421.2,52.7,Not impaired,Good,,,200,1,200_1,2
167577,FR-TR-1445,MF POWDERHORN CREEK,38.15519,-107.127621,01-Aug-17,2,10.9899998,212,Not Reference or Degraded,11,51.1,3.1,0,35.2,44.4,29.6,0,31.4,0,0,0,11,55,13,0,35,83.3,11,52.4,62.7,86.7,11,84.6,31.4,70.9,20,0,11,0,0,0,287,ok,528.5,66.1,Not impaired,Good,,,201,1,201_1,2
167578,GN-SS-11885,WILLOW CREEK,38.519303,-107.130894,06-Jul-17,1,13.7299995,186,Not Reference or Degraded,11,47.4,2.3,95.2,6.2,8.6,18.4,48,28.1,47.2,0,100,12,59.2,12,85.7,32,0,9,0,22,0,8,0,20.4,0,6.2,0,9,0,0,0,304,LARGE,491.3,61.4,Not Impaired,Good,,,202,1,202_1,1
167579,GN-SS-12054,EAST FORK POWDERHORN CREEK,38.148222,-107.105469,29-Jun-17,2,11.9799995,179,Not Reference or Degraded,8,42.1,2.6,0,7.1,9,4.5,0,31.8,0,0,0,11,55,7,0,22,52.4,7,33.3,11.7,16.1,5,38.5,21,47.6,18.2,0,5,0,0,0,309,LARGE,294,36.7,Likely impaired,Poor,,,203,1,203_1,2
167580,GN-SS-12162,POLE CREEK,38.429886,-107.02804,19-Jul-17,1,14.6300001,199,Not Reference or Degraded,5,25.2,57.2,0,23.8,32.6,8.4,22,27.8,51,0,100,4,21.9,7,50,18,0,5,0,32.8,0,3,0,5.4,0,22.2,0,5,0,0,0,332,LARGE,302.7,37.8,Inconclusive: site is neither in reference nor degrade condition,Fair,,,204,1,204_1,1
167581,GN-SS-12162,POLE CREEK,38.429886,-107.02804,27-Jun-17,1,15.8800001,177,Not Reference or Degraded,6,39.6,56.9,0,17.4,23.9,7.9,20.6,22.2,47.1,0.3,98.6,4,25.8,9,64.3,27,0,6,0,25,0,7,0,1.6,0,22.2,0,7,0,0,0,304,LARGE,319.8,40,Inconclusive: site is neither in reference nor degrade condition,Fair,,,205,1,205_1,1
167582,GN-SS-12310,INDIAN CREEK,38.245457,-107.184876,28-Jun-17,1,13.4499998,178,Not Reference or Degraded,14,58.3,8.9,81.5,45.4,62.2,1,2.6,32.3,52.9,2,91.7,9,43.3,13,92.9,31,0,10,0,33.4,0,9,0,22.8,0,12.9,0,7,0,0,0,302,LARGE,485.3,60.7,Not Impaired,Good,,,206,1,206_1,1
167584,GN-SS-12418,POLE CREEK,38.439165,-107.042052,25-Sep-17,1,14.7799997,267,Not Reference or Degraded,2,10.4,10.5,78.3,31.1,42.7,0.7,1.7,3.6,6.7,0,100,1,5.6,13,92.9,28,0,1,0,0,0,7,0,30.8,0,21.4,0,12,0,0,0,305,LARGE,338.2,42.3,Inconclusive: site is neither in reference nor degrade condition,Fair,,,207,1,207_1,1
167585,SW-TR-1422,WEST FORK OF MUDDY CREEK,39.003668,-107.374624,04-Oct-17,1,15.0500002,276,Not Reference or Degraded,8,43.8,3.9,92,29.8,40.8,59.5,100,25,48.1,0.3,98.6,6,34.6,5,35.7,24,0,6,0,74.1,0,5,0,12,0,12.5,0,5,0,0,0,309,LARGE,493.6,61.7,Not Impaired,Good,,,208,1,208_1,1
167586,UC-SS-11245,WILLIAMS CREEK,38.978891,-107.328628,21-Jun-17,1,14.8100004,171,Not Reference or Degraded,11,57.4,37.4,22.5,23.1,31.7,12.9,33.7,26.7,49.9,1.4,94.3,8,44.8,16,100,30,0,8,0,31.3,0,8,0,14.3,0,16.7,0,9,0,0,0,147,SMALL,434.3,54.3,Inadequate sample size,Good,,,209,1,209_1,1
167587,FR-TR-1408,DEVILS CREEK,38.129148,-107.265882,17-Aug-17,1,10.1000004,228,Not Reference or Degraded,19,79.2,2.9,94,48.2,66.2,0,0,57.1,93.7,0,100,17,81.7,15,100,35,0,20,0,43.1,0,11,0,23.5,0,5.7,0,8,0,0,0,311,LARGE,614.7,76.8,Not Impaired,Good,,,210,1,210_1,1
167588,GN-LS-12290,LAKE FORK,37.901236,-107.404758,30-Jun-17,1,9.1400003,180,Not Reference or Degraded,12,50,0.8,98.3,72.1,98.9,0,0,61.1,100,0.8,96.5,9,43.3,8,57.1,18,0,11,0,71,0,7,0,62,0,5.6,0,2,0,0,0,355,LARGE,544,68,Not Impaired,Good,,,211,1,211_1,1
167589,GN-SS-11906,SNARE CREEK,37.88128,-107.494117,10-Jul-17,2,7.3899999,190,Not Reference or Degraded,11,55.4,0.7,0,80.9,100,0,0,61.1,0,0,0,9,45,8,0,18,42.9,11,52.4,81.2,100,7,53.8,62.4,100,5.6,0,4,0,0,0,298,ok,549.5,68.7,Not impaired,Good,,,212,1,212_1,2
167590,GN-SS-11970,NA,37.98584,-107.380964,03-Jul-17,2,8.1199999,183,Not Reference or Degraded,13,67.3,1.3,0,39.9,50.4,0.3,0,46.7,0,0,0,11,55,15,0,30,71.4,14,66.7,39.9,55.2,10,76.9,24,54.2,6.7,0,6,0,0,0,313,LARGE,497.2,62.1,Not impaired,Good,,,213,1,213_1,2
167591,GN-SS-12034,FOURTH OF JULY CREEK,38.144673,-107.244703,11-Oct-17,1,10.1099997,283,Not Reference or Degraded,17,70.8,0.3,99.3,36.9,50.6,1.3,3.3,48.6,79.8,0,100,18,86.5,12,85.7,37,0,18,0,24.3,0,5,0,12.6,0,2.7,0,12,0,0,0,317,LARGE,576.1,72,Not Impaired,Good,,,214,1,214_1,1
167592,GN-SS-12738,GRIZZLY GULCH,37.935149,-107.462236,16-Aug-17,2,8.6800003,227,Not Reference or Degraded,15,66.1,9.8,0,66.2,83.5,0,0,50,0,0,0,13,65,16,0,32,76.2,16,76.2,63.1,87.3,14,100,28.1,63.5,12.5,0,7,0,0,0,317,LARGE,617.8,77.2,Not impaired,Good,,,215,1,215_1,2
167593,RG-RV-10786,CUCHARAS RIVER,37.817485,-104.569663,18-Sep-17,3,17.9699993,260,Not Reference or Degraded,3,0,0,0,0.3,0.6,0,0,0,0,0,0,2,0,1,0,5,14.8,0,0,0,0,1,10,0,0,0,100,0,0,0,100,293,ok,225.4,28.2,Likely impaired,Poor,,,216,1,216_1,3
167594,RG-SS-11554,SHEEP CREEK,37.701561,-105.387813,27-Jul-17,1,13.9899998,207,Not Reference or Degraded,12,54,29.4,39.1,37.7,51.7,1.3,3.3,32.4,55.6,24.9,0,11,55.8,12,85.7,34,0,11,0,15,0,7,0,37.4,0,11.8,0,12,0,0,0,313,LARGE,345.4,43.2,Inconclusive: site is neither in reference nor degrade condition,Fair,,,217,1,217_1,1
167595,KR-SS-13561,SHAFER CREEK,40.861624,-106.565046,16-Aug-17,2,10.71,227,Not Reference or Degraded,16,70.5,5.7,0,54.4,68.6,0.3,0,45.5,0,0,0,15,75,13,0,33,78.6,15,71.4,62.1,85.9,11,84.6,38.9,88.1,12.1,0,6,0,0,0,298,ok,622.6,77.8,Not impaired,Good,,,218,1,218_1,2
167596,FR-TR-1298,BOX CREEK,39.129714,-106.326156,10-Aug-17,1,12.9499998,221,Not Reference or Degraded,5,20.8,2.2,95.5,1.4,2,26.2,68.1,21.7,35.6,1.1,95.5,9,43.3,2,14.3,23,0,5,0,26.9,0,2,0,34.1,0,8.7,0,5,0,0,0,279,ok,375.2,46.9,Not Impaired,Good,,,219,1,219_1,1
167597,RG-LS-12873,TENNESSEE CREEK,39.275801,-106.341593,11-Sep-17,2,12.5600004,253,Not Reference or Degraded,13,53.1,9.2,0,41.7,52.6,0,0,28.9,0,0,0,14,70,10,0,38,90.5,11,52.4,11.5,15.9,7,53.8,6.1,13.8,13.2,0,9,0,0,0,295,ok,402.1,50.3,Inconclusive: site is neither in reference nor degraded condition,Fair,,,220,1,220_1,2
167598,GJ-LS-11853,BLUE CREEK,38.584664,-108.778188,14-Jul-17,1,15.3500004,194,Not Reference or Degraded,9,52.5,1.4,97.2,20.1,27.5,1,2.7,38.1,75.8,0,100,8,48,10,71.4,21,0,8,0,15.3,0,5,0,2.7,0,9.5,0,6,0,0,0,294,ok,475.1,59.4,Not Impaired,Good,,,221,1,221_1,1
167599,GJ-LS-12050,NORTH FORK WEST CREEK,38.776766,-108.924315,13-Jul-17,1,14.6099997,193,Not Reference or Degraded,14,70.3,0.7,98.6,24.5,33.6,9.3,24.2,41.9,76.9,0,100,16,87.3,10,71.4,31,0,13,0,25.2,0,6,0,14.1,0,3.2,0,9,0,0,0,290,ok,562.4,70.3,Not Impaired,Good,,,222,1,222_1,1
167600,GJ-LS-12733,EAST CREEK,38.916494,-108.496539,08-Jun-17,1,16.9599991,158,Not Reference or Degraded,4,35.9,17.1,64.7,4.4,6,0.5,1.3,11.5,28.2,12.2,49,4,30.6,6,42.9,26,0,3,0,2,0,7,0,22,0,15.4,0,9,0,0,0,205,ok,258.4,32.3,Likely Impaired,Poor,,,223,1,223_1,1
167601,GJ-RV-10189,COLORADO RIVER,39.239237,-108.265801,11-Aug-17,3,19.1499996,222,Not Reference or Degraded,9,0,7.8,0,54.7,100,3.4,0,13.6,0,0,0,9,0,3,0,22,65.1,3,63.2,0,0,3,30,2,8.4,4.5,100,7,74,0.7,99.1,296,ok,539.8,67.5,Not impaired,Good,,,224,1,224_1,3
167602,GJ-RV-10893,COLORADO RIVER,39.167331,-108.865505,12-Aug-17,3,20.5900002,223,Not Reference or Degraded,10,0,2.3,0,56.4,100,8.1,0,14.3,0,0,0,9,0,7,0,28,82.8,4,84.2,0,0,7,70,19.2,79.6,7.1,94.6,7,74.2,1.7,97.8,172,ok,683.3,85.4,Inadequate sample size,Good,,,225,1,225_1,3
167603,GJ-RV-12685,LITTLE DOLORES RIVER,39.00798,-108.937422,13-Aug-17,1,16.6700001,224,Not Reference or Degraded,8,65.5,10.2,78.8,16,21.9,0,0,10,23.4,2.2,90.6,6,43.7,8,57.1,20,0,2,0,0.3,0,8,0,1,0,15,0,5,0,0,0,313,LARGE,381.2,47.6,Not Impaired,Good,,,226,1,226_1,1
167604,GJ-RV-12685,LITTLE DOLORES RIVER,39.00798,-108.937422,21-Jul-17,1,16.6700001,201,Not Reference or Degraded,4,32.7,33.8,30,12.7,17.4,4.2,11,5.3,12.3,16.2,32.2,5,36.4,10,71.4,19,0,1,0,1.4,0,7,0,4.9,0,21.1,0,4,0,0,0,142,SMALL,243.6,30.4,Inadequate sample size,Poor,,,227,1,227_1,1
167605,GJ-RV-12941,SALT CREEK,39.21937,-108.89674,20-Jul-17,3,18.2199993,200,Not Reference or Degraded,10,0,20.4,0,38.8,71,19.4,0,17.4,0,0,0,10,0,6,0,23,68,4,84.2,0,0,3,30,4.5,18.7,8.7,90.8,5,50.5,2.8,96.5,289,ok,509.7,63.7,Not impaired,Good,,,228,1,228_1,3
167606,GJ-SS-12797,COATES CREEK,38.895323,-108.931479,06-Jul-17,1,14.2600002,186,Not Reference or Degraded,13,61.3,8.3,82.8,25.2,34.6,11,28.6,25.6,45.2,1.2,95,15,78.5,15,100,43,0,11,0,32.9,0,12,0,5.9,0,18.6,0,10,0,0,0,337,LARGE,526.1,65.8,Not Impaired,Good,,,229,1,229_1,1
167607,GJ-SS-13565,NORTH EAST CREEK,38.878171,-108.593054,27-Jul-17,1,15.71,207,Not Reference or Degraded,4,25.3,22,54.4,10.2,13.9,45.8,100,11.8,24.4,0,100,6,37.8,5,35.7,17,0,2,0,39,0,3,0,39,0,17.6,0,5,0,0,0,59,SMALL,391.6,48.9,Inadequate sample size,Good,,,230,1,230_1,1
167608,SW-TR-1157,MESA CREEK,38.506957,-108.703419,13-Sep-17,1,15.1400003,255,Not Reference or Degraded,16,89.2,1.2,97.5,76.6,100,4.9,12.7,42.4,82.4,0,100,15,87.5,12,85.7,33,0,14,0,69.3,0,6,0,11.6,0,9.1,0,5,0,0,0,329,LARGE,655,81.9,Not Impaired,Good,,,231,1,231_1,1
167609,LS-LS-11465,WILLOW CREEK,40.947948,-107.537942,29-Aug-17,1,15.6199999,240,Not Reference or Degraded,3,18.6,3.2,93.4,63.8,87.5,7.9,20.7,12.1,24.9,0.6,97.3,7,43.6,12,85.7,33,0,4,0,7.9,0,10,0,3.2,0,12.1,0,9,0,0,0,315,LARGE,471.7,59,Not Impaired,Good,,,232,1,232_1,1
167610,LS-LS-12745,MILK CREEK,40.390236,-107.755613,05-Sep-17,1,15.8699999,247,Not Reference or Degraded,11,72.3,1.7,96.6,40.2,55.1,8,20.8,12.5,26.4,1.3,94.4,14,90.3,10,71.4,40,0,5,0,14,0,9,0,13.6,0,7.5,0,13,0,0,0,301,LARGE,527.4,65.9,Not Impaired,Good,,,233,1,233_1,1
167611,LS-RV-10441,YAMPA RIVER,40.497869,-108.306391,06-Jul-17,1,17.0599995,186,Not Reference or Degraded,12,100,10.5,78.3,25.9,35.6,4.1,10.6,23.7,58.6,4.1,82.9,11,85.6,10,71.4,38,0,9,0,14,0,9,0,2.6,0,13.2,0,5,0,0,0,343,LARGE,523,65.4,Not Impaired,Good,,,234,1,234_1,1
167612,LS-RV-10697,YAMPA RIVER,40.435121,-107.855721,05-Jul-17,1,16.6399994,185,Not Reference or Degraded,9,73,4.6,90.4,13.2,18.1,4.6,12.1,12.1,28.3,0,100,9,65.3,6,42.9,33,0,4,0,9.3,0,6,0,5.4,0,12.1,0,8,0,0,0,280,ok,430,53.7,Not Impaired,Good,,,235,1,235_1,1
167613,LS-RV-10953,LITTLE SNAKE RIVER,40.785072,-108.164784,18-Sep-17,1,15.9899998,260,Not Reference or Degraded,10,67.8,1.4,97.1,68,93.2,9.5,24.8,23.3,50.1,0,100,11,72.2,5,35.7,30,0,7,0,24.6,0,6,0,7,0,3.3,0,7,0,0,0,284,ok,540.8,67.6,Not Impaired,Good,,,236,1,236_1,1
167614,LS-RV-13001,LITTLE SNAKE RIVER,40.94539,-108.059389,30-Aug-17,1,16.1499996,241,Not Reference or Degraded,10,70.6,0.7,98.6,86.6,100,6.5,16.9,25,54.8,0,100,11,73.9,7,50,20,0,5,0,23.6,0,5,0,19.2,0,5,0,3,0,0,0,292,ok,564.8,70.6,Not Impaired,Good,,,237,1,237_1,1
167615,LS-RV-13165,VERMILLION CREEK,40.941801,-108.643813,04-Sep-17,1,15.6499996,246,Not Reference or Degraded,6,37.4,33.9,29.9,14.5,19.9,16.8,43.7,3.3,6.9,13.8,42.2,8,50,7,50,30,0,1,0,15.8,0,7,0,34.2,0,13.3,0,6,0,0,0,304,LARGE,279.9,35,Inconclusive: site is neither in reference nor degrade condition,Fair,,,238,1,238_1,1
167616,LS-RV-13257,LITTLE SNAKE RIVER,40.646115,-108.295324,14-Aug-17,1,16.3999996,225,Not Reference or Degraded,13,98.3,0,100,43.3,59.3,2.8,7.4,17.9,40.4,0,100,10,69.8,4,28.6,28,0,5,0,8.9,0,4,0,15.6,0,0,0,5,0,0,0,282,ok,503.8,63,Not Impaired,Good,,,239,1,239_1,1
167617,LS-RV-13513,YAMPA RIVER,40.41722,-107.799158,04-Jul-17,1,16.3600006,184,Not Reference or Degraded,7,52.3,14.6,69.7,10.7,14.7,3.9,10.2,4,9,0.4,98.5,7,48.6,3,21.4,25,0,1,0,4.3,0,3,0,21.4,0,12,0,7,0,0,0,280,ok,324.4,40.6,Inconclusive: site is neither in reference nor degrade condition,Fair,,,240,1,240_1,1
167618,WR-SS-11629,TURNERS CREEK,40.333844,-108.870502,29-Sep-17,1,13.6700001,271,Not Reference or Degraded,6,25.6,4.3,91.1,6,8.2,34.9,90.8,25,41.7,0.3,98.6,5,24.5,8,57.1,20,0,5,0,37.9,0,6,0,35.9,0,20,0,7,0,0,0,301,LARGE,437.7,54.7,Not Impaired,Good,,,241,1,241_1,1
167619,TR-LS-20658,YELLOW JACKET CANYON,37.409568,-108.904173,23-Aug-17,1,18.6599998,234,Not Reference or Degraded,12,100,0.9,98.2,29.2,40,2.6,6.7,16.1,51.8,0.9,96.4,9,96.9,9,64.3,31,0,5,0,5.2,0,8,0,7.3,0,3.2,0,8,0,0,0,233,ok,554.3,69.3,Not Impaired,Good,,,242,1,242_1,1
167620,TRS-SS-12210,UNNAMED,37.409061,-108.496411,04-Aug-17,1,16.2700005,215,Not Reference or Degraded,4,29.2,15.5,67.9,2.1,2.9,0,0,7.1,15.9,13.7,42.5,3,20.5,3,21.4,14,0,1,0,1.1,0,1,0,19.7,0,21.4,0,4,0,0,0,284,ok,200.4,25,Likely Impaired,Poor,,,243,1,243_1,1
167621,TRS-SS-20402,NA,37.395729,-108.486504,05-Aug-17,1,17.0200005,216,Not Reference or Degraded,4,36.6,3.1,93.6,3.8,5.1,0,0,9.1,22.4,0,100,3,23.2,2,14.3,11,0,1,0,0.3,0,1,0,1.7,0,9.1,0,6,0,0,0,293,ok,295.3,36.9,Inconclusive: site is neither in reference nor degrade condition,Fair,,,244,1,244_1,1
167623,GJ-RV-13325,DOLORES RIVER,38.486528,-108.883505,12-Sep-17,3,18.0799999,254,Not Reference or Degraded,9,0,3.9,0,62.1,100,11.7,0,14.3,0,0,0,9,0,10,0,28,82.8,4,84.2,0,0,9,90,11,45.7,7.1,94.6,8,90.7,0,100,309,LARGE,688.1,86,Not impaired,Good,,,245,1,245_1,3
167624,UC-LS-10610,HORSEFLY CREEK,38.213793,-108.298495,14-Sep-17,1,15.75,256,Not Reference or Degraded,12,76.7,2.5,94.8,68.7,94.2,12.8,33.4,29.6,61.8,0.7,97,10,63.4,7,50,27,0,8,0,14.9,0,6,0,45.6,0,14.8,0,5,0,0,0,281,ok,571.3,71.4,Not Impaired,Good,,,246,1,246_1,1
167625,UC-LS-11186,NATURITA CREEK,38.166251,-108.415638,23-Jun-17,1,15.5200005,173,Not Reference or Degraded,0,0,2.5,94.9,0,0,0,0,0,0,0,100,2,12.3,1,7.1,7,0,0,0,0,0,0,0,0,0,14.3,0,2,0,0,0,162,ok,214.3,26.8,Inadequate sample size,Poor,,,247,1,247_1,1
167626,UC-SS-11453,COTTONWOOD CREEK,38.587896,-108.282535,03-Oct-17,1,16.6599998,275,Not Reference or Degraded,11,89.7,8.3,82.9,36.6,50.3,1.3,3.4,10.8,25.3,4.6,80.7,10,72.7,14,100,37,0,4,0,1.3,0,13,0,1.3,0,8.1,0,12,0,0,0,303,LARGE,505.1,63.1,Not Impaired,Good,,,248,1,248_1,1
167627,RG-SS-11657,THIRTYONE MILE CREEK,38.730945,-105.595041,22-Jun-17,1,13.0799999,172,Not Reference or Degraded,7,29.2,3.2,93.3,17.2,23.6,14.9,38.9,17.1,28.1,0.6,97.3,10,48.1,13,92.9,35,0,6,0,28.2,0,10,0,29.2,0,8.6,0,11,0,0,0,308,LARGE,451.3,56.4,Not Impaired,Good,,,249,1,249_1,1
167628,MS-LS-3012,Thompson Creek,39.3237,-107.2369,19-Jul-17,1,13.8999996,199,Not Reference or Degraded,10,44.3,7,85.5,47.9,65.8,19.7,51.3,40,68.2,0,100,11,55.3,7,50,25,0,10,0,20.6,0,5,0,26.7,0,16,0,5,0,0,0,315,LARGE,520.4,65,Not Impaired,Good,,,250,1,250_1,1
167629,WR-LS-13357,BLACK SULPHUR CREEK,39.773803,-108.457887,06-Jun-17,1,14.1599998,156,Not Reference or Degraded,12,55.6,26.6,44.9,11.4,15.6,8.1,21.1,16.3,28.5,27.3,0,8,41.4,10,71.4,43,0,7,0,5.8,0,5,0,41.2,0,9.3,0,14,0,0,0,308,LARGE,278.5,34.8,Inconclusive: site is neither in reference nor degrade condition,Fair,,,251,1,251_1,1
167630,WR-LS-13533,EAST DOUGLAS CREEK,39.81963,-108.670791,28-Jun-17,1,15.5200005,178,Not Reference or Degraded,8,48.5,21.4,55.7,16.9,23.2,0.6,1.7,12.5,25.4,0,100,7,43,9,64.3,32,0,4,0,16,0,7,0,17.6,0,9.4,0,14,0,0,0,313,LARGE,361.6,45.2,Inconclusive: site is neither in reference nor degrade condition,Fair,,,252,1,252_1,1
167631,WR-LS-14637,EAST DOUGLAS CREEK,39.755123,-108.655,06-Jul-17,1,15.4300003,186,Not Reference or Degraded,9,53.4,0.4,99.2,28,38.4,5.8,15.2,18.9,38,0,100,8,48.5,8,57.1,37,0,7,0,15.3,0,6,0,14.5,0,2.7,0,16,0,0,0,275,ok,449.9,56.2,Not Impaired,Good,,,253,1,253_1,1
167632,WR-LS-14749,YELLOW CREEK,40.136377,-108.388224,07-Jul-17,1,16.8299999,187,Not Reference or Degraded,3,25.8,17.5,63.8,3,4.1,0.7,1.7,0,0,22.4,6.1,5,37.4,5,35.7,18,0,0,0,0,0,6,0,11.9,0,16.7,0,5,0,0,0,303,LARGE,174.6,21.8,Likely Impaired,Poor,,,254,1,254_1,1
167633,WR-LS-15625,PICEANCE CREEK,39.730672,-107.988814,12-Aug-17,1,14.5900002,223,Not Reference or Degraded,10,50.1,21.2,56.2,24.8,34,40.7,100,13.3,24.4,6.5,72.7,12,65.3,9,64.3,30,0,4,0,40.7,0,6,0,44.3,0,23.3,0,6,0,0,0,307,LARGE,466.9,58.4,Not Impaired,Good,,,255,1,255_1,1
167634,WR-LS-15625,PICEANCE CREEK,39.730672,-107.988814,27-Jul-17,1,14.5900002,207,Not Reference or Degraded,10,50.1,22,54.4,16,21.9,41.9,100,15.4,28.1,5.8,75.9,13,70.8,15,100,39,0,6,0,42.8,0,11,0,44.1,0,15.4,0,10,0,0,0,313,LARGE,501.2,62.6,Not Impaired,Good,,,256,1,256_1,1
167635,WR-RV-15005,DOUGLAS CREEK,40.071462,-108.770129,12-Jun-17,1,17.4799995,162,Not Reference or Degraded,5,54.4,19.3,60,1.2,1.7,1.2,3.2,10,26.3,0,100,3,25.2,3,21.4,20,0,2,0,0.9,0,4,0,4,0,15,0,10,0,0,0,321,LARGE,292.3,36.5,Inconclusive: site is neither in reference nor degrade condition,Fair,,,257,1,257_1,1
167636,WR-SS-13101,EAST HUNTER CREEK,39.700072,-108.34458,26-Jun-17,1,13.9200001,176,Not Reference or Degraded,2,8.9,0,100,0,0,0.7,1.9,6.7,11.4,0,100,2,10.1,4,28.6,15,0,1,0,0,0,3,0,65.9,0,0,0,7,0,0,0,270,ok,260.9,32.6,Likely Impaired,Poor,,,258,1,258_1,1
167637,WR-SS-13725,WEST FORK SPRING CREEK,39.976419,-108.653133,19-Jun-17,1,13.9099998,169,Not Reference or Degraded,2,8.9,3.1,93.6,10.6,14.6,2.7,7.1,4.2,7.1,4.5,81.4,5,25.2,9,64.3,24,0,1,0,0,0,7,0,2.4,0,8.3,0,11,0,0,0,292,ok,302.1,37.8,Inconclusive: site is neither in reference nor degrade condition,Fair,,,259,1,259_1,1
167638,SV-LS-19042,SAN LUIS CREEK,38.400415,-106.064961,08-Jun-17,1,13.4099998,158,Not Reference or Degraded,14,58.3,10.8,77.7,35.4,48.6,13.2,34.4,41.9,68.7,1,95.6,12,57.7,11,78.6,31,0,13,0,38.2,0,7,0,16.7,0,12.9,0,8,0,0,0,288,ok,519.6,65,Not Impaired,Good,,,260,1,260_1,1
167639,SV-SS-14658,FOURMILE CREEK,38.082968,-106.541999,20-Sep-17,1,13.25,262,Not Reference or Degraded,14,58.3,9,81.3,31.2,42.9,9.7,25.3,34.4,56.4,3.1,86.9,13,62.5,12,85.7,32,0,11,0,28.5,0,9,0,10.4,0,18.8,0,4,0,0,0,288,ok,499.3,62.4,Not Impaired,Good,,,261,1,261_1,1
167640,SV-SS-14690,SPRING CREEK,38.35315,-106.032747,09-Jun-17,1,13.1400003,159,Not Reference or Degraded,4,16.7,0.4,99.2,8.1,11.2,1.9,4.8,21.4,35.1,0,100,5,24,4,28.6,14,0,3,0,7.8,0,2,0,2.2,0,7.1,0,4,0,0,0,270,ok,319.6,40,Inconclusive: site is neither in reference nor degrade condition,Fair,,,262,1,262_1,1
167641,SV-SS-14946,SAN LUIS CREEK,38.40726,-106.063066,07-Jun-17,1,13.3800001,157,Not Reference or Degraded,10,41.7,5.2,89.2,17.3,23.7,15.6,40.7,32.3,52.9,0.3,98.6,12,57.7,13,92.9,31,0,10,0,25.7,0,11,0,16.6,0,12.9,0,8,0,0,0,307,LARGE,497.3,62.2,Not Impaired,Good,,,263,1,263_1,1
167642,SV-SS-15938,FORD CREEK,38.189032,-106.28179,10-Jun-17,1,12.6599998,160,Not Reference or Degraded,14,58.3,3.3,93.2,14.8,20.3,13.8,36,37.5,61.5,0,100,15,72.1,5,35.7,32,0,12,0,24.3,0,4,0,27.6,0,12.5,0,7,0,0,0,304,LARGE,477.1,59.6,Not Impaired,Good,,,264,1,264_1,1
167643,GN-LS-12674,COCHETOPA CREEK,38.302554,-106.761471,07-Jul-17,1,13.3400002,187,Not Reference or Degraded,8,33.3,1,98,10.9,14.9,15.5,40.3,25.9,42.5,0.3,98.6,10,48.1,4,28.6,27,0,7,0,19.1,0,5,0,22,0,11.1,0,7,0,0,0,304,LARGE,404.2,50.5,Not Impaired,Good,,,265,1,265_1,1
167645,TR-SS-14274,CUNNINGHAM CREEK,37.794869,-107.578096,29-Aug-17,2,8.7299995,240,Not Reference or Degraded,14,59.1,6.7,0,58,73.2,0,0,50,0,0,0,9,45,13,0,26,61.9,13,61.9,56.4,78,9,69.2,23.7,53.7,15.4,0,4,0,0,0,312,LARGE,502,62.7,Not impaired,Good,,,266,1,266_1,2
167646,TR-SS-14530,MINERAL CREEK,37.961839,-107.595026,30-Aug-17,2,8.1199999,241,Not Reference or Degraded,12,50.5,1.8,0,39.6,50,0,0,42.3,0,0,0,10,50,13,0,26,61.9,11,52.4,37.1,51.3,9,69.2,8,18.1,11.5,0,7,0,0,0,275,ok,403.4,50.4,Inconclusive: site is neither in reference nor degraded condition,Fair,,,267,1,267_1,2
167647,TR-RV-11826,DOLORES RIVER,38.077521,-108.91188,30-Aug-17,1,17.5799999,241,Not Reference or Degraded,9,100,2.8,94.1,49.1,67.3,7.9,20.6,22.7,60.8,0,100,10,85.5,7,50,22,0,5,0,7.9,0,5,0,7.9,0,4.5,0,5,0,0,0,316,LARGE,578.3,72.3,Not Impaired,Good,,,268,1,268_1,1
167648,UC-LS-10866,BEAVER CREEK,38.07421,-108.215234,28-Jun-17,1,13.6599998,178,Not Reference or Degraded,12,51.2,0.3,99.3,15.4,21.1,25.2,65.6,25,41.6,0,100,12,58.7,11,78.6,36,0,9,0,29,0,8,0,30.4,0,2.8,0,13,0,0,0,286,ok,516,64.5,Not Impaired,Good,,,269,1,269_1,1
167649,UC-RV-11634,SAN MIGUEL RIVER,38.139403,-108.231005,18-Aug-17,1,13.5299997,229,Not Reference or Degraded,8,33.4,3.1,93.5,19.2,26.3,4.2,10.9,35,57.6,0,100,12,57.9,7,50,20,0,7,0,4.2,0,4,0,8.4,0,15,0,3,0,0,0,287,ok,429.6,53.7,Not Impaired,Good,,,270,1,270_1,1
167650,RG-LS-12169,FOURMILE CREEK,38.718848,-105.25694,17-Jul-17,2,13.5699997,197,Not Reference or Degraded,14,68.7,1,0,26.6,33.6,6.8,0,34.2,0,0,0,18,90,11,0,38,90.5,13,61.9,21.1,29.2,9,69.2,14,31.6,5.3,0,9,0,0,0,308,LARGE,474.7,59.3,Not impaired,Good,,,271,1,271_1,2
167651,RG-SS-11401,NO NAME,38.715478,-105.218346,21-Jun-17,2,12.7799997,171,Not Reference or Degraded,14,76.2,3.8,0,63.4,79.9,2.4,0,34.5,0,0,0,8,40,10,0,29,69,10,47.6,38,52.6,7,53.8,19.2,43.4,13.8,0,7,0,0,0,292,ok,462.5,57.8,Not impaired,Good,,,272,1,272_1,2
167652,LS-SS-17673,no name,40.378255,-107.490629,22-Aug-17,1,14.3199997,233,Not Reference or Degraded,4,19.1,41.7,13.7,3.2,4.4,31.1,81,7.7,13.7,1.9,92,5,26.4,7,50,26,0,2,0,30.4,0,4,0,28.8,0,30.8,0,3,0,0,0,312,LARGE,300.1,37.5,Inconclusive: site is neither in reference nor degrade condition,Fair,,,273,1,273_1,1
169116,FR-TR-1005,INDIANA GULCH,39.3008995,-106.2229996,16-Aug-18,2,9.3500004,227,Not Reference or Degraded,12,52.9,1.6,0,62.1,78.3,0,0,54.5,0,0,0,11,55,10,0,22,52.4,12,57.1,58.2,80.5,9,69.2,35.7,80.7,13.6,0,1,0,0,0,311,LARGE,526.2,65.8,Not impaired,Good,,,274,1,274_1,2
169117,FR-TR-1039,SOUTH BEAVER CREEK,38.4561,-106.995,05-Jun-18,1,14.72,155,Not Reference or Degraded,15,76.9,0.3,99.3,21.9,30,3.2,8.3,38.1,70.7,0.3,98.7,13,71.9,7,50,21,0,8,0,7.6,0,5,0,24.8,0,4.8,0,1,0,0,0,315,LARGE,505.9,63.2,Not Impaired,Good,,,275,1,275_1,1
169118,FR-TR-1199,RIO GRANDE_TR-2,37.0778,-105.758,25-Sep-18,1,18.79,267,Not Reference or Degraded,9,100,30.3,37.2,13.3,18.3,0.3,0.9,17.4,57.2,2.7,88.8,5,55.6,5,35.7,23,0,4,0,0.3,0,4,0,9,0,34.8,0,1,0,0,0,300,ok,393.7,49.2,Not Impaired,Good,,,276,1,276_1,1
169119,FR-TR-1209,STUBB GULCH,38.4611,-106.908,06-Jun-18,1,14.6,156,Not Reference or Degraded,4,20.1,0.3,99.3,0.3,0.4,0,0,22.2,40.7,0,100,2,10.9,2,14.3,9,0,2,0,0,0,1,0,47.1,0,11.1,0,1,0,0,0,306,LARGE,285.7,35.7,Inconclusive: site is neither in reference nor degrade condition,Fair,,,277,1,277_1,1
169120,FR-TR-1256,WILLOW CREEK,38.3797,-107.048,05-Jul-18,1,14.6,185,Not Reference or Degraded,4,20.1,89.3,0,5,6.9,0.6,1.6,25,45.8,0.3,98.7,1,5.5,10,71.4,16,0,4,0,0.6,0,7,0,0.6,0,31.2,0,3,0,0,0,317,LARGE,250,31.2,Likely Impaired,Poor,,,278,1,278_1,1
169121,FR-TR-1309,DYER GULCH,39.2308,-106.2,15-Aug-18,2,7.9,226,Not Reference or Degraded,6,26.5,0,0,40.1,50.6,0,0,50,0,0,0,3,15,5,0,12,28.6,6,28.6,45.1,62.3,2,15.4,65.9,100,0,0,3,0,0,0,182,ok,327,40.9,Inadequate sample size,Fair,,,279,1,279_1,2
169122,FR-TR-1350,CUBA GULCH,37.8821,-107.484,22-Aug-18,2,8.25,233,Not Reference or Degraded,2,8.6,50.4,0,11.8,14.9,0,0,33.3,0,0,0,2,10,6,0,9,21.4,3,14.3,11.8,16.3,6,46.2,4.7,10.7,33.3,0,1,0,0,0,127,SMALL,142.4,17.8,Inadequate sample size,Poor,,,280,1,280_1,2
169123,FR-TR-1395,SWINDINSKI CREEK,38.4051,-106.016,19-Sep-18,2,12.69,261,Not Reference or Degraded,7,28.6,9.3,0,6.9,8.7,1.4,0,31.6,0,0,0,5,25,10,0,19,45.2,6,28.6,8.3,11.5,8,61.5,4.2,9.4,21.1,0,1,0,0,0,289,ok,218.5,27.3,Likely impaired,Poor,,,281,1,281_1,2
169124,FR-TR-1433,GRIZZLY GULCH CREEK,37.9325981,-107.4680023,11-Sep-18,2,8.1599998,253,Not Reference or Degraded,14,57.1,7.4,0,64.5,81.4,0,0,54.2,0,0,0,9,45,11,0,24,57.1,13,61.9,53,73.4,8,61.5,21.3,48.2,12.5,0,3,0,0,0,296,ok,485.6,60.7,Not impaired,Good,,,282,1,282_1,2
169125,FR-TR-1460,STANLEY CREEK,37.6936,-105.366,12-Jun-18,2,12.87,162,Not Reference or Degraded,16,90.5,3.1,0,32.1,40.5,28.4,0,51.7,0,0,0,10,50,12,0,29,69,15,71.4,56.5,78.1,10,76.9,9.9,22.3,13.8,0,3,0,0,0,324,LARGE,498.8,62.4,Not impaired,Good,,,283,1,283_1,2
169126,MS-LS-3006,GRAPE CREEK,38.294,-105.359,05-Sep-18,1,15.39,247,Not Reference or Degraded,13,76.5,4,91.7,23.5,32.2,22.5,58.7,32.1,64.2,0,100,14,84.4,10,71.4,28,0,9,0,23.1,0,9,0,29.6,0,10.7,0,3,0,0,0,324,LARGE,579.1,72.4,Not Impaired,Good,,,284,1,284_1,1
169127,MS-LS-3013,NA,39.0173,-106.238,06-Sep-18,2,11.58,248,Not Reference or Degraded,14,57.6,32.9,0,31.2,39.4,1.6,0,31,0,0,0,12,60,9,0,29,69,9,42.9,4.6,6.4,8,61.5,22.4,50.6,20.7,0,2,0,0,0,304,LARGE,387.4,48.4,Inconclusive: site is neither in reference nor degraded condition,Fair,,,285,1,285_1,2
169128,MS-LS-3018,BADGER CREEK,38.4759,-105.859,19-Jun-18,1,14.53,169,Not Reference or Degraded,6,29.7,6.1,87.4,3.8,5.3,1,2.5,19,34.6,2.2,90.6,7,37.8,7,50,21,0,4,0,1.9,0,6,0,70.5,0,28.6,0,2,0,0,0,312,LARGE,337.9,42.2,Inconclusive: site is neither in reference nor degrade condition,Fair,,,286,1,286_1,1
169129,RG-LS-11426,GRAPE CREEK,38.3015,-105.357,05-Sep-18,1,15.46,247,Not Reference or Degraded,13,77.7,2.4,95,31,42.5,28.2,73.5,36,72.5,0,100,11,67,6,42.9,25,0,9,0,28.9,0,6,0,41.1,0,4,0,2,0,0,0,287,ok,571,71.4,Not Impaired,Good,,,287,1,287_1,1
169130,RG-LS-12834,CARROL CREEK,38.4383,-105.639,28-Aug-18,1,14.51,239,Not Reference or Degraded,1,4.9,50,0,0,0,16.7,43.4,0,0,50,0,1,5.4,2,14.3,6,0,0,0,16.7,0,2,0,66.7,0,16.7,0,0,0,0,0,12,SMALL,68,8.5,Inadequate sample size,Poor,,,288,1,288_1,1
169131,RG-SS-10377,WILSON CREEK,38.6213,-105.356,20-Jun-18,1,14.69,170,Not Reference or Degraded,6,30.6,28.1,41.8,4.7,6.4,3.3,8.7,19.2,35.6,10,58,2,11,10,71.4,26,0,5,0,4.3,0,6,0,62.2,0,34.6,0,6,0,0,0,299,ok,263.6,32.9,Likely Impaired,Poor,,,289,1,289_1,1
169132,SV-LS-13698,ALAMOSA RIVER,37.3541,-106.279,07-Aug-18,1,13.86,218,Not Reference or Degraded,12,52.9,0.7,98.6,45.9,63,0.7,1.8,52.9,89.9,0.3,98.6,10,50,10,71.4,17,0,9,0,12.6,0,8,0,0,0,11.8,0,1,0,0,0,294,ok,526.1,65.8,Not Impaired,Good,,,290,1,290_1,1
169133,SV-LS-16706,SHEEP CREEK,38.1949,-106.46,13-Jul-18,1,13.58,193,Not Reference or Degraded,11,46.3,3.8,92.2,11,15,20.5,53.5,47.6,78.7,0,100,12,58.2,8,57.1,21,0,10,0,27.7,0,4,0,26.4,0,9.5,0,0,0,0,0,292,ok,501.1,62.6,Not Impaired,Good,,,291,1,291_1,1
169134,SV-LS-26946,CARNERO CREEK,37.8698,-106.356,10-Jul-18,1,13.12,190,Not Reference or Degraded,15,62.5,1.7,96.5,23.4,32.1,8.5,22.1,55.6,91.1,0,100,15,72.1,9,64.3,27,0,15,0,16.3,0,8,0,41,0,11.1,0,2,0,0,0,295,ok,540.6,67.6,Not Impaired,Good,,,292,1,292_1,1
169135,SV-LS-27234,SAN LUIS CREEK,38.4033,-106.066,11-Jul-18,1,13.23,191,Not Reference or Degraded,8,33.3,8.4,82.6,30.9,42.4,46,100,38.5,63.1,0.7,97.1,9,43.3,10,71.4,26,0,10,0,56.1,0,7,0,56.1,0,26.9,0,3,0,0,0,285,ok,533.1,66.6,Not Impaired,Good,,,293,1,293_1,1
169136,SV-LS-28994,SHEEP CREEK,38.2105,-106.471,16-Jul-18,1,13.16,196,Not Reference or Degraded,15,62.5,7.6,84.3,33,45.3,15.8,41.2,40,65.6,2.1,91.4,16,76.9,12,85.7,30,0,12,0,27.5,0,9,0,12.7,0,20,0,1,0,0,0,291,ok,552.9,69.1,Not Impaired,Good,,,294,1,294_1,1
169137,SV-SS-16738,ALAMOSA RIVER,38.2829,-106.142,18-Sep-18,2,11.48,260,Not Reference or Degraded,12,49,11.1,0,44.4,56,3.2,0,59.1,0,0,0,10,50,13,0,22,52.4,13,61.9,31.7,43.9,11,84.6,17.5,39.5,9.1,0,4,0,0,0,63,SMALL,437.3,54.7,Inadequate sample size,Good,,,295,1,295_1,2
169138,KR-LS-12985,STUCK CREEK,40.984,-106.025,25-Jul-18,1,13.27,205,Not Reference or Degraded,18,75,1.4,97.1,24.2,33.2,20.6,53.8,55.2,90.4,0,100,19,91.3,12,85.7,29,0,16,0,33.5,0,8,0,29.2,0,6.9,0,0,0,0,0,281,ok,626.5,78.3,Not Impaired,Good,,,296,1,296_1,1
169139,KR-SS-11001,SMITH CREEK,40.1231,-106.144,13-Aug-18,2,11.95,224,Not Reference or Degraded,18,80.2,0.3,0,42.1,53.1,25.9,0,55.2,0,0,0,19,95,10,0,29,69,16,76.2,49.2,68,6,46.2,33.7,76.2,3.4,0,3,0,0,0,297,ok,563.8,70.5,Not impaired,Good,,,297,1,297_1,2
169140,KR-SS-12025,KINNEY CREEK,40.1115,-106.081,04-Sep-18,2,13,246,Not Reference or Degraded,18,74.5,2.9,0,27.6,34.8,31.7,0,58.1,0,0,0,17,85,12,0,31,73.8,18,85.7,53.3,73.8,8,61.5,19.7,44.5,12.9,0,2,0,0,0,315,LARGE,533.7,66.7,Not impaired,Good,,,298,1,298_1,2
169141,KR-SS-14409,ROUND CREEK,40.2097,-106.291,26-Jul-18,2,13.6,206,Not Reference or Degraded,14,66.4,7.3,0,76.1,96,10.7,0,47.8,0,0,0,14,70,11,0,23,54.8,11,52.4,43.9,60.8,9,69.2,45.7,100,8.7,0,2,0,0,0,289,ok,569.6,71.2,Not impaired,Good,,,299,1,299_1,2
169142,LS-RV-11117,VERMILLION CREEK,40.7507,-108.824,04-Jun-18,1,17.26,154,Not Reference or Degraded,1,10,5,89.6,0.4,0.5,8.6,22.3,5,12.7,32.9,0,3,24.2,9,64.3,20,0,1,0,6.4,0,9,0,6.8,0,20,0,0,0,0,0,280,ok,223.6,28,Likely Impaired,Poor,,,300,1,300_1,1
169143,LS-RV-13677,LITTLE SNAKE RIVER,40.5738,-108.403,06-Aug-18,1,17.13,217,Not Reference or Degraded,2,19,0.4,99.2,1.2,1.6,0,0,0,0,0,100,2,15.7,4,28.6,9,0,0,0,0,0,4,0,9.3,0,11.1,0,2,0,0,0,257,ok,264.2,33,Likely Impaired,Poor,,,301,1,301_1,1
169144,LS-SS-15901,PAGODA CREEK,40.185,-107.402,01-Aug-18,2,12.71,212,Not Reference or Degraded,12,55.7,31.9,0,21.9,27.7,30.9,0,48.1,0,0,0,12,60,10,0,27,64.3,13,61.9,42.2,58.4,9,69.2,28.2,63.9,18.5,0,3,0,0,0,301,LARGE,461,57.6,Not impaired,Good,,,302,1,302_1,2
169145,MS-LS-3019,SHEEP HORN,39.9544,-106.549,09-Jul-18,1,14.08,189,Not Reference or Degraded,10,45.7,9.6,80.1,10.7,14.6,43,100,34.8,60.4,1,95.7,11,56.4,8,57.1,23,0,8,0,44.7,0,6,0,44.3,0,17.4,0,3,0,0,0,291,ok,510,63.7,Not Impaired,Good,,,303,1,303_1,1
169146,MS-SS-3103,TRIBUTARY TO STUCK CREEK,40.9526,-106.07,24-Jul-18,2,12.67,204,Not Reference or Degraded,13,62.1,5.6,0,42.7,53.8,16.1,0,40,0,0,0,10,50,10,0,25,59.5,10,47.6,47.2,65.3,5,38.5,7.5,16.9,12,0,3,0,0,0,267,ok,393.8,49.2,Inconclusive: site is neither in reference nor degraded condition,Fair,,,304,1,304_1,2
169147,MS-SS-3112,MORGAN GULCH,39.9188,-106.11,21-Jun-18,2,12.81,171,Not Reference or Degraded,11,59.8,1.5,0,25.7,32.4,50.8,0,47.4,0,0,0,11,55,5,0,19,45.2,9,42.9,75.5,100,4,30.8,21.1,47.6,5.3,0,1,0,0,0,323,LARGE,413.7,51.7,Not impaired,Good,,,305,1,305_1,2
169148,MS-SS-3125,PRINCE CREEK,39.3382,-107.158,14-Jun-18,1,14.68,164,Not Reference or Degraded,20,100,1.7,96.5,50,68.6,29,75.5,57.1,100,0,100,19,100,10,71.4,28,0,16,0,71.7,0,6,0,33.7,0,7.1,0,2,0,0,0,300,ok,712.1,89,Not Impaired,Good,,,306,1,306_1,1
169149,MS-SS-3130,HORSE CREEK,39.7798,-107.058,19-Jun-18,1,14.15,169,Not Reference or Degraded,10,46.3,1,97.8,33.4,45.9,23,59.9,43.5,76,0,100,10,51.7,10,71.4,23,0,10,0,56.1,0,5,0,12.9,0,8.7,0,7,0,0,0,287,ok,549,68.6,Not Impaired,Good,,,307,1,307_1,1
169150,NW-TR-1019,CAMP GULCH,39.5718002,-107.9749985,27-Jun-18,1,12.6899996,177,Not Reference or Degraded,8,33.3,16,66.8,5.8,8,6.8,17.8,20,32.8,1.7,92.9,6,28.8,9,64.3,20,0,4,0,9.2,0,5,0,6.8,0,20,0,6,0,0,0,293,ok,344.6,43.1,Inconclusive: site is neither in reference nor degrade condition,Fair,,,308,1,308_1,1
169151,NW-TR-1035,WHITE RIVER,40.0395,-107.506,20-Aug-18,1,12.76,231,Not Reference or Degraded,12,50,1.3,97.3,56.1,77,13.2,34.4,50,82,0.3,98.6,15,72.1,9,64.3,26,0,13,0,25.7,0,8,0,33,0,7.7,0,2,0,0,0,303,LARGE,575.6,71.9,Not Impaired,Good,,,309,1,309_1,1
169152,NW-TR-1050,SOUTH FORK BIG CREEK,40.990799,-106.5270004,18-Sep-18,1,12.6099997,260,Not Reference or Degraded,16,66.7,3.1,93.6,79,100,4.1,10.8,61.5,100,0,100,18,86.5,10,71.4,26,0,16,0,15.2,0,8,0,52.4,0,15.4,0,1,0,0,0,290,ok,629,78.6,Not Impaired,Good,,,310,1,310_1,1
169153,NW-TR-1069,SPRUCE CREEK,39.9104,-106.414,11-Sep-18,2,12.19,253,Not Reference or Degraded,14,57.1,2.1,0,48.8,61.5,22.8,0,38.5,0,0,0,11,55,11,0,26,61.9,10,47.6,58.9,81.5,6,46.2,3.2,7.1,11.5,0,3,0,0,0,285,ok,418,52.2,Not impaired,Good,,,311,1,311_1,2
169154,NW-TR-1146,WILLIAM???S FORK,39.9431,-106.138,14-Aug-18,1,12.73,225,Not Reference or Degraded,8,33.3,6.2,87.3,14.6,20,2.3,6,38.1,62.5,0,100,10,48.1,10,71.4,21,0,8,0,12.3,0,9,0,1.5,0,28.6,0,0,0,0,0,130,SMALL,428.6,53.6,Inadequate sample size,Good,,,312,1,312_1,1
169155,NW-TR-1203,YAMPA RIVER IN PLEASANT VALLEY,40.3054,-106.809,22-Aug-18,1,14.6,233,Not Reference or Degraded,14,70.2,15.5,67.8,44.3,60.8,17.2,44.7,57.7,100,2.9,87.8,13,70.9,12,85.7,26,0,15,0,29.8,0,10,0,40.5,0,23.1,0,1,0,0,0,309,LARGE,587.9,73.5,Not Impaired,Good,,,313,1,313_1,1
169156,NW-TR-1231,REEDER CREEK,40.0471,-106.273,13-Sep-18,1,14.23,255,Not Reference or Degraded,8,37.5,16.6,65.7,6.4,8.8,55.1,100,31.6,55.6,3.7,84.5,11,57.4,6,42.9,19,0,6,0,56.8,0,3,0,48.6,0,21.1,0,1,0,0,0,296,ok,452.4,56.5,Not Impaired,Good,,,314,1,314_1,1
169157,NW-TR-1278,BATTLEMENT CREEK,39.4328,-107.974,30-Aug-18,1,12.47,241,Not Reference or Degraded,21,87.5,0.6,98.7,70.5,96.7,6.4,16.7,60,98.4,0,100,19,91.3,10,71.4,30,0,18,0,19.9,0,5,0,51.3,0,6.7,0,1,0,0,0,312,LARGE,660.7,82.6,Not Impaired,Good,,,315,1,315_1,1
169158,NW-TR-1296,GOVERNMENT CREEK,40.8834,-106.23,17-Sep-18,1,12.14,259,Not Reference or Degraded,16,66.7,0.3,99.3,64.6,88.6,16.8,43.9,56,91.8,0,100,13,62.5,10,71.4,25,0,14,0,49.1,0,4,0,33.3,0,4,0,5,0,0,0,291,ok,624.2,78,Not Impaired,Good,,,316,1,316_1,1
169159,NW-TR-1407,MULE CREEK,39.9198,-106.128,10-Sep-18,1,13.39,252,Not Reference or Degraded,19,79.2,3.4,92.9,37.1,50.9,43,100,43.2,70.9,1.2,94.8,17,81.7,15,100,37,0,16,0,67,0,11,0,39.9,0,16.2,0,5,0,0,0,321,LARGE,670.3,83.8,Not Impaired,Good,,,317,1,317_1,1
169160,NW-TR-1438,THIRD WATER GULCH,39.5822,-107.947,26-Jun-18,1,10.23,176,Not Reference or Degraded,10,41.7,4.5,90.8,14.1,19.3,18.2,47.4,35,57.4,1.4,94.2,7,33.7,9,64.3,20,0,7,0,27.8,0,5,0,18.2,0,15,0,4,0,0,0,291,ok,448.7,56.1,Not Impaired,Good,,,318,1,318_1,1
169161,NW-TR-1461,DEEP CREEK,39.6805,-107.099,28-Aug-18,1,13.18,239,Not Reference or Degraded,20,83.3,0.3,99.3,47.1,64.6,1.4,3.6,65.5,100,0,100,17,81.7,14,100,29,0,19,0,32.4,0,9,0,13,0,3.4,0,3,0,0,0,293,ok,632.5,79.1,Not Impaired,Good,,,319,1,319_1,1
169162,NW-TR-1462,FRASER RIVER,40.0082,-105.848,05-Sep-18,2,10.99,247,Not Reference or Degraded,15,61.9,6.9,0,59.2,74.6,25.6,0,57.7,0,0,0,14,70,11,0,26,61.9,15,71.4,37.7,52.2,10,76.9,26.3,59.5,19.2,0,2,0,0,0,289,ok,528.5,66.1,Not impaired,Good,,,320,1,320_1,2
169163,XE-SS-5098,TRAPPER CREEK,39.6323,-107.983,25-Jun-18,1,13.51,175,Not Reference or Degraded,17,70.8,2.3,95.2,50.7,69.5,38.4,100,53.3,87.6,1,95.8,13,62.6,15,100,30,0,16,0,76.5,0,9,0,37.7,0,13.3,0,5,0,0,0,302,LARGE,681.5,85.2,Not Impaired,Good,,,321,1,321_1,1
169164,SW-TR-1077,TUTTLE DRAW,38.2695007,-108.6169968,01-Aug-18,1,18.9899998,212,Not Reference or Degraded,4,100,0.6,98.7,8.7,11.9,1.6,4.2,9.1,31.1,0,100,4,46.8,1,7.1,11,0,1,0,1.6,0,1,0,3.5,0,18.2,0,1,0,0,0,312,LARGE,399.7,50,Not Impaired,Good,,,322,1,322_1,1
169165,SW-TR-1159,CALAMITY DRAW,38.2555,-108.61,30-Jul-18,1,19.04,210,Not Reference or Degraded,5,100,0.7,98.5,21.4,29.3,17.8,46.2,16.7,57.6,0,100,5,59.2,6,42.9,18,0,3,0,18.5,0,4,0,22.8,0,5.6,0,4,0,0,0,276,ok,533.7,66.7,Not Impaired,Good,,,323,1,323_1,1
169166,SW-TR-1161,ALKALI CREEK,38.855999,-108.1529999,26-Jul-18,1,14.1999998,206,Not Reference or Degraded,13,60.7,1.3,97.2,25.5,35,24.5,63.8,48,84.3,0,100,13,67.6,11,78.6,25,0,12,0,44,0,7,0,13.8,0,12,0,4,0,0,0,298,ok,587.1,73.4,Not Impaired,Good,,,324,1,324_1,1
169167,SW-TR-1163,TRIBUTARY OF MANCOS RIVER,37.2406,-108.307,07-Jul-18,1,16.23,187,Not Reference or Degraded,1,7.2,4.4,90.8,0.7,0.9,0.7,1.8,23.1,51.1,1.4,94.3,3,20.4,8,57.1,13,0,3,0,2.7,0,7,0,0,0,7.7,0,4,0,0,0,293,ok,323.6,40.5,Inconclusive: site is neither in reference nor degrade condition,Fair,,,325,1,325_1,1
169168,SW-TR-1204,ESCALANTE CREEK,38.6748,-108.317,06-Jun-18,1,16.23,156,Not Reference or Degraded,9,64.9,8.4,82.5,25.3,34.8,8.4,22,16.7,36.9,0,100,8,54.4,4,28.6,18,0,3,0,10.8,0,3,0,25,0,5.6,0,2,0,0,0,296,ok,424,53,Not Impaired,Good,,,326,1,326_1,1
169169,SW-TR-1272,DEER CREEK,38.8957,-108.24,18-Jul-18,1,14.55,198,Not Reference or Degraded,1,5,3,93.7,2.1,2.9,3.4,8.7,10.5,19.2,2.4,89.8,3,16.3,10,71.4,19,0,2,0,4.3,0,11,0,33.5,0,5.3,0,7,0,0,0,328,LARGE,307,38.4,Inconclusive: site is neither in reference nor degrade condition,Fair,,,327,1,327_1,1
169170,SW-TR-1274,COAL CREEK,38.3064,-108.663,02-Aug-18,1,19.3,213,Not Reference or Degraded,5,100,3.3,93.1,33.4,45.9,8.7,22.6,11.8,42.9,0,100,5,63.6,5,35.7,17,0,2,0,9.4,0,5,0,29.8,0,17.6,0,4,0,0,0,299,ok,503.8,63,Not Impaired,Good,,,328,1,328_1,1
169171,SW-TR-1304,KANAH CREEK,38.9614,-108.233,03-Aug-18,1,13.14,214,Not Reference or Degraded,15,62.5,7.4,84.6,42.7,58.6,7.4,19.3,50,82,0,100,13,62.5,10,71.4,22,0,11,0,24.5,0,7,0,16.1,0,4.5,0,4,0,0,0,323,LARGE,541,67.6,Not Impaired,Good,,,329,1,329_1,1
169172,SW-TR-1313,CARR CREEK,39.5644,-108.501,12-Sep-18,1,15.22,254,Not Reference or Degraded,9,51.1,23,52.4,6,8.2,49.1,100,29.2,57.2,21.2,11.3,10,59,6,42.9,24,0,7,0,52.3,0,5,0,65.4,0,20.8,0,3,0,0,0,283,ok,382,47.8,Not Impaired,Good,,,330,1,330_1,1
169173,SW-TR-1363,DISAPPOINTMENT CREEK,38.0012,-108.774,12-Jun-18,1,18.11,162,Not Reference or Degraded,2,29.2,0,100,0.4,0.6,9.9,25.8,0,0,0,100,2,19,6,42.9,11,0,0,0,0,0,7,0,0.4,0,0,0,3,0,0,0,242,ok,317.5,39.7,Inconclusive: site is neither in reference nor degrade condition,Fair,,,331,1,331_1,1
169174,SW-TR-1409,WEST CREEK,38.749,-108.905,10-Sep-18,1,15.87,252,Not Reference or Degraded,9,59.2,7.3,84.9,31.8,43.6,28.1,73.3,34.8,73.6,0.3,98.6,10,64.5,6,42.9,23,0,8,0,29.8,0,6,0,9.6,0,13,0,4,0,0,0,302,LARGE,540.5,67.6,Not Impaired,Good,,,332,1,332_1,1
169175,SW-TR-1459,MONITOR CREEK,38.6162,-108.215,04-Jun-18,1,17.27,154,Not Reference or Degraded,3,30.1,0,100,12,16.5,16,41.7,9.1,23.2,4,83.3,6,48.4,4,28.6,11,0,1,0,20,0,3,0,4,0,0,0,1,0,0,0,25,SMALL,371.7,46.5,Inadequate sample size,Good,,,333,1,333_1,1
169176,SW-TR-1476,MCELMO CREEK,37.3245,-109.03,17-Jun-18,3,19.3,167,Not Reference or Degraded,2,0,11.8,0,39.7,72.7,35.3,0,37.5,0,0,0,2,0,5,0,8,23.7,3,63.2,0,0,4,40,0,0,12.5,81.2,2,18.9,0,100,68,SMALL,399.7,50,Inadequate sample size,Good,,,334,1,334_1,3
169177,SW-TR-1500,DOLORES RIVER,38.0317,-108.872,13-Jun-18,1,17.3,163,Not Reference or Degraded,7,70.9,2.4,95,18.3,25.1,33.2,86.4,11.1,28.5,0,100,5,40.6,7,50,18,0,2,0,33.2,0,7,0,6.7,0,5.6,0,3,0,0,0,208,ok,496.5,62.1,Not Impaired,Good,,,335,1,335_1,1
169178,TR-RV-10802,DOLORES RIVER,37.9678,-108.831,24-Jul-18,1,16.52,204,Not Reference or Degraded,17,100,0.7,98.6,48.5,66.5,20.1,52.4,30.4,69.9,0,100,10,71.1,5,35.7,23,0,7,0,20.8,0,5,0,7.6,0,4.3,0,2,0,0,0,303,LARGE,594.4,74.3,Not Impaired,Good,,,336,1,336_1,1
169179,TR-RV-12850,DOLORES RIVER,38.104,-108.871,06-Jul-18,1,17.6,186,Not Reference or Degraded,0,0,66.7,0,0,0,33.3,86.8,50,100,0,100,0,0,0,0,2,0,1,0,33.3,0,0,0,0,0,50,0,0,0,0,0,3,SMALL,286.8,35.9,Inadequate sample size,Fair,,,337,1,337_1,1
169180,TR-RV-13026,DOLORES RIVER,37.8623,-108.812,15-Jun-18,1,16.22,165,Not Reference or Degraded,11,79.1,9.6,80,45,61.7,17.9,46.5,22.7,50.2,0.4,98.5,10,67.9,6,42.9,22,0,5,0,21.1,0,6,0,7.9,0,18.2,0,1,0,0,0,280,ok,526.9,65.9,Not Impaired,Good,,,338,1,338_1,1
169181,UC-RV-11277,DOLORES RIVER,38.2702,-108.926,03-Jul-18,3,18.27,183,Not Reference or Degraded,7,0,4.3,0,36.1,66,48.5,0,7.1,0,0,0,6,0,6,0,14,41.4,1,21.1,0,0,6,60,6,24.9,14.3,76.8,2,19.5,0,100,233,ok,409.7,51.2,Not impaired,Good,,,339,1,339_1,3
169821,SW-TR-1195,WEST SALT CREEK 2,39.5900002,-108.9000015,31-May-19,1,13.5500002,150,Not Reference or Degraded,0,0,7.1,85.3,0,0,1.7,4.3,7.7,12.7,0,100,4,19.3,4,28.6,13,0,1,0,0,0,4,0,0.8,0,15.4,0,4,0,0,0,240,ok,250.3,31.3,Likely Impaired,Poor,,,340,1,340_1,1
169822,SW-TR-1218,WEST SALT CREEK 1,39.543499,-108.9250031,28-May-19,1,15.7799997,147,Not Reference or Degraded,0,0,0,100,0,0,0,0,0,0,0,100,2,12.7,2,14.3,8,0,0,0,0,0,1,0,2.5,0,0,0,5,0,0,0,323,LARGE,227,28.4,Likely Impaired,Poor,,,341,1,341_1,1
169823,SW-TR-1300,SOUTH CANYON,39.5219994,-108.8809967,29-May-19,1,15.6199999,148,Not Reference or Degraded,0,0,10,79.3,0,0,10,26,0,0,10,58.2,2,12.4,3,21.4,6,0,0,0,0,0,3,0,20,0,16.7,0,1,0,0,0,10,SMALL,197.4,24.7,Inadequate sample size,Poor,,,342,1,342_1,1
